id,name,address,latitude,longitude,review_count,rating,zip_code
MaoCNdHni6MLjM9iYQqHcg,Frida Midtown,214 E 52nd St,40.756610894855896,-73.96919065816803,117,4.5,10022
Xjswj531-FkRZPpcccU6kQ,Vida Verde,248 W 55th St,40.7649503286729,-73.9828372257363,1493,4.5,10019
Wx6lMnEh7dCmX-9PQF1Ifw,Toloache 50,251 West 50th St,40.762227,-73.9856178382696,2220,4.0,10012
6Ct7OeTRn4caY9g0swFBsw,La Contenta,102 Norfolk St,40.71873,-73.98691,886,4.5,10002
BsDu_kup3lJ2QHb-Botpeg,Covacha,368 Columbus Ave,40.78110489839311,-73.97644500326436,149,4.0,10023
_HxxUvRp-0FMH_RoEzG1TA,Barnacho,937 2nd Ave,40.75401583517405,-73.96886851277523,315,4.0,10017
DFRpXRHjOHBxYHiuvwaEQQ,Rosa Mexicano,61 Columbus Ave,40.77115637915222,-73.9831131,1464,3.5,10023
WyiTT3VHjzowMnOnUpZ7TQ,Empellón,510 Madison Ave,40.75972,-73.97472,414,4.0,10022
SOWmvC20kikJBoWE3TmppA,Rosa Mexicano,251 E 52nd St,40.75648947211715,-73.96785410691132,74,3.5,10022
xGoSAOhQBNdJMJmPn7CMDQ,MEXiCUE,1440 Broadway,40.754109,-73.986015,662,4.0,10018
ihzI-4yGesoQuAoIocao8g,Tacuba Hell's Kitchen,802 9th Ave,40.76545,-73.98729,798,4.0,10019
SULHf6nGQ8sK0UpG1XU30w,Los Tacos No.1,229 W 43rd St,40.7575067,-73.9877717,2628,4.5,10036
4UxmxAqehEIh7fYrzUEA7A,Tacovision,244 E 53rd St,40.7568200311153,-73.9678929001093,370,4.0,10004
a2BkT6uUKDpzhLalkksJsg,Tacombi,202 E 70th St,40.768036983514506,-73.96119122060036,123,4.0,10021
KDpFAWkLofuabBSpnNJY5A,Amor Loco,134 W 46th St,40.75797140479767,-73.98387478465575,88,4.0,10036
Ahx8GsuAGUl8TgqCWP7uXw,Temerario,198 8th Ave,40.7434133400872,-73.9996277220286,367,4.0,10011
sTu5z5HUcIYykg97HHj8xA,El Centro,824 9th Ave,40.76602,-73.98688,905,4.0,10019
dgaNriM1VdI2nGochhHE_g,Casa Enrique,5-48 49th Ave,40.743404338358,-73.954350367693,1447,4.0,11101
IfIyjm4SfORGYPbaAWST3g,MEXiCUE,225 5th Ave,40.743617,-73.987867,658,4.0,10010
xWLSJOiN1mMRHmBmHyjAfw,Mad Dog & Beans Mexican Cantina,5 E 38th St,40.75081210000001,-73.9819335,654,4.0,10016
TgoYhgbPCYhLBNtpue3QHg,Maya,1191 1st Ave,40.7632055528185,-73.9596225112209,1063,3.5,10065
2iwT3iutZvmqzmu7oOkWFw,Dos Caminos,1567 Broadway,40.7593727,-73.9853281,757,3.5,10036
RUsot7ERPbYA_wOKMlVpAQ,Azule Cantina,31 W 52nd St,40.7606700654272,-73.97805009037256,17,4.0,10019
PqqnNrUtU7XTKQvUM4cyqQ,Bar Verde,65 2nd Ave,40.7260849061034,-73.9897361397743,416,4.5,10003
tvqtAjAyc7dplVVwhw3VZQ,La Contenta Oeste,78 W 11th St,40.7352,-73.99808,307,4.0,10011
uLWp1QR_W2WJImMnB706hg,MEXiCUE,160 8th Ave,40.74202,-74.00046,566,4.0,10011
10tnq8x2qI7ix7VqVP0rMw,Tacombi,377 Amsterdam Ave,40.782610492988084,-73.97844461874793,247,4.0,10024
7bD22UAtH56ikWYslOSIQg,Calexico - Upper East Side,1491 2nd Ave,40.77259,-73.95588,814,4.0,10075
hKkPlYmHoS9Nb_UbGGqx8A,Street Taco,358 3rd Ave,40.74097,-73.98202,485,4.0,10016
ub2VfE7SRLJABAClzGZp3A,Tacombi,30 W 24th St,40.7426928390848,-73.9903668237837,769,4.0,10010
U6l20gH8YuOJMO8vF6_Ufw,Jajaja Mexicana,450 W 33rd St,40.75264793272132,-73.99981519174997,51,4.5,10001
dYWjNK07igws9jFNgQmhng,Rosa Mexicano,9 E 18th St,40.738306632767085,-73.99081456881349,1649,3.5,10003
PAJdNrD4HFBN16OAFeDx4A,Ponche Taqueria & Cantina,420 W 49th St,40.76319,-73.99045,558,4.0,10019
9aJ1MVTthZw3QjqoG7mPjg,Rosie's,29 E 2nd St,40.72492,-73.99079,881,4.0,10003
zwWksgd8M4-g7RBmVudYTg,Aldama,91 S 6th St,40.710999707909046,-73.96489653736353,70,4.0,11249
qjCl34rJ0zVUHaZ1irb8FA,Taqueria Ramirez,94 Franklin St,40.727876136419724,-73.95699203025863,104,4.5,11222
B6bEkY9sJ_GU2pD2Rwb4gg,El Mitote,208 Columbus Ave,40.77578,-73.98021,599,3.5,10023
kn9rgR4KlvyTTi-s76OIaQ,Toloache 82nd,166 E 82nd St,40.776483,-73.956708,503,4.0,10028
xN4yKQMzo3PIoQlFamUOLQ,La Esquina - Midtown,200 W 55th St,40.7642986928764,-73.9814604957066,259,4.0,10019
7ERwg_4Kiaq1ezKTSSv7pg,Taqueria 86,210 W 94th St,40.793,-73.97214,95,4.5,10025
vyKBwzRdNX4yiJDIFv37iw,Oxomoco,128 Greenpoint Ave,40.7299099,-73.95548,550,4.0,11222
L3REPLCvQpMapYPd_fkS-A,Los Mariscos,409 W 15th St,40.74207,-74.00565,750,4.5,10011
mJVO64T1WWzJYvNlbLSQNA,Lucio Angelita Tacos,55 Lexington Ave,40.7594591154635,-73.9697938801726,26,4.0,10022
9_CEU7Wmvmwlyvqr-PJD6w,Ofrenda,113 7th Ave S,40.73391,-74.00242,1074,4.0,10014
M1YYZ9cTVuMXLji_XF6rzg,Dos Caminos,373 Park Ave S,40.7422737,-73.9846134,1359,3.5,10016
1nR3kKOs938gcgnw6p5wjg,Sinigual,640 3rd Ave,40.7503161990978,-73.97508162972879,1044,3.5,10017
xemN4tP9RlK5c-yUT-M71Q,Mamasita Bar & Grill,818 10th Ave,40.76733,-73.98945,1514,4.0,10019
WZynqsGjqQLc_T8R80_-7g,Yellow Rose,102 3rd Ave,40.732575,-73.98806909999999,145,4.5,10003
YFL1rAdlv7J0cswHVhvCtQ,Ruta Oaxaca Mexican Cuisine,35-03 Broadway,40.76058,-73.92182,237,4.5,11106
Nnuz_Ic0IdWOUbl64r4Hkg,Fonda Park Slope,434 7th Ave,40.663631439209,-73.9846343994141,899,4.0,11215
bVi0Rk_GfkrJJELLXaqEeA,Dos Toros Taqueria,636 Lexington Ave,40.7592114,-73.9706706,100,3.0,10022
EHUNrnIgnhwTnpOm3gEESg,Tacuba,35-01 36th St,40.75609,-73.924441,741,4.0,11106
BdHWUmVFuo1R8Lctv4K1Ow,El Parador Cafe,325 E 34th St,40.7444599,-73.97472,489,4.0,10016
clTandR9fDd4OaREI8qTsQ,El Tepeyac Taqueria,1505 Lexington Ave,40.78665,-73.95019,3,5.0,10029
ry7XCoXXxS0DxRmzZLFybw,Taqueria Gramercy,218 3rd Ave,40.7363,-73.98531,143,4.0,10003
6ptX8V8WW_IzhHXLJ4SRAA,Dos Toros Taqueria,465 Lexington Ave,40.75352,-73.97418,202,3.5,10017
qr24KgWcZGUhKZIPyVMsNw,Maz Mezcal,316 E 86th St,40.77741,-73.95103,424,3.5,10028
LQHegfNHe7ylY3bocrFlpg,Calle Dao - Bryant Park,38 W 39th St,40.752167,-73.98422161374535,1866,4.0,10018
OZHywdX0bT2MCmyUHoQNHA,El Fish Marisquería,155 Amsterdam Ave 67th St,40.77523410000001,-73.9838458,8,4.5,10023
AABqAsYdRI9gSyU1gStdxg,Gina Mexicana,145 E 61st St,40.7634,-73.9668,172,3.0,10021
cy0vBvZu2Eb4XtRFCp8Seg,Conmigo,1685 1st Ave,40.77793,-73.94902,334,4.0,10128
IpBG_nY_opO9Zy-xNBEQCg,La Chilaquería - New York,139 W 28th St,40.746995,-73.992207,38,5.0,10001
e7krRmyE5upHv2gsEOdR8w,Mayamezcal,304 E 6th St,40.72711,-73.98817,619,4.0,10003
YsDmYRzJo3kiwZvIe1r0Fg,Playa Betty’s,320 Amsterdam Ave,40.78075,-73.98032,956,3.5,10023
7YYp_2WYWdRSt_NohV7Psw,Casa Birria NYC,86th & 3rd Ave,40.778824,-73.953986,90,5.0,10028
NOh24SMS6k4pzNv8Ds7KDg,Cafe Habana,17 Prince St,40.722998,-73.994171,3290,4.0,10012
Q10FeFs1mtNchv1NbNcsLg,Oaxaca Taqueria,152 E 33rd St,40.745314,-73.97949471396348,142,3.5,10016
RzKR9QcYP03EQ_8DxTxowg,Barrio Chino,253 Broome St,40.718022,-73.990026,1176,4.0,10002
FavssEgZjXFi2unEXePkVQ,Tacombi,255 Bleecker St,40.73112,-74.00272,469,4.0,10014
twQFM-8T_Y4yYIqeEPk4XQ,Casa Carmen,114 Franklin St,40.718705771624705,-74.00606353625375,40,4.0,10013
hR1bG0jgd2_Z9Q5L6siTEw,Antojito Mexicano,6th Avenue & 28th Street,40.7460380678347,-73.9905191880082,37,4.5,10001
AUyKmFjpaVLwc3awfUnqgQ,Chela & Garnacha,33-09 36th Ave,40.7556474,-73.9274415,433,4.5,11106
skN-mgnOezFQr9YNh5G5TQ,Lolita's Kitchen,1364 Lexington Ave,40.7824207446896,-73.9534502033954,135,4.0,10128
tuP7STBjszTvKcQLeFMnkw,Nina's Great Burrito Bar,522 Columbus Ave,40.786026,-73.972724,388,4.0,10024
0ksKKrgHt-6xCCHfTlLcoA,tán,209 East 49th St,40.754989,-73.970506,24,4.0,10017
2kkjzgLwKHFmLAfR86kE3Q,Fonda Tribeca,139 Duane St,40.71645,-74.00783,28,4.5,10013
H08vCdbcP3oy0cBEKqM5KQ,El Rey del Sabor,166 E 60th St,40.7622400274526,-73.9663818196397,73,4.0,10021
msTXsZGFMWSCMsdf6yIB2Q,La Cocina De Mama,154E 109th St,40.793995,-73.944716,15,5.0,10029
xGNzAsakHgbbl9fwgSoiUg,Kahlo,525 West 29th St,40.752092,-74.0026757,222,4.0,10001
DQuwci5xgJxXx7dxxp9FBA,Taqueria St. Marks Place,79 St Marks Pl,40.72788723475379,-73.98557625767012,471,4.0,10003
jnEv25Y2DosTq2sNnvmC9g,Los Tacos No.1,75 9th Ave,40.7422546402357,-74.0059581,3696,4.5,10011
6ezrABEThm48qv1qj8_FVw,Javelina,1395 2nd Ave,40.7694,-73.95816,146,4.0,10021
TULCjzJjDMlpruzjCcB9rw,Mermaid Mexicana,79 MacDougal St,40.72879,-74.00165,15,4.0,10012
iPc-zPgcpgeSo76xl5Jbpw,The Maze,32 W 32nd St,40.747846,-73.9872499,677,4.0,10001
iHinXbZk2625noKq9XSvzA,Seeyamañana,49 West 27th St,40.745332,-73.990216,46,4.0,10001
E_oFzRY-7j9T04qHkORCsw,Santa Fe,73 W 71st St,40.7767563,-73.9789734,210,3.5,10023
_M5FVY4hkcuU-ASdVZPfRQ,Tacos El Bronco,4324 4th Ave,40.65006,-74.00915,679,4.0,11220
h8J10FpJGaU_4OvP2MgoKQ,Oso,1618 Amsterdam Ave At 140th St,40.82195,-73.9502399,352,4.0,10031
bx-a5t04wBiJnX9E3aSNBw,Empellón Taqueria - Waterline Square,645 West 59th St,40.77236,-73.99186,40,3.5,10069
vgg1dvDP-9tFWSacN4q0nA,Coppelia,207 W 14th St,40.7389111700125,-73.9999985153443,1499,4.0,10011
oNgT6-rh-2TOeAF16AxXVw,Tacos & Tequila,1742 2nd Ave,40.78075,-73.94942,57,4.0,10128
zxdsVR_hHUzhBFfus4yd7A,Dos Caminos,675 Hudson St,40.7404330511257,-74.0054753422738,1184,3.0,10014
d7YbQzGlmawMGAzUHzZvuw,Tacombi,267 Elizabeth St,40.72402294103019,-73.99386129999999,1201,4.0,10012
57eZSBD62IdVmV3pYuzO4w,Barrio Taqueria,33-02 34th Ave,40.758655,-73.925633,102,4.0,11106
Vw2wUAkyHuTSJy9vSwMwrQ,Barnacho,239 Park Ave S,40.7379,-73.9878,8,4.0,10003
PHMkwS5nmo4IUXbcg0OcAg,Jajaja Mexicana,63 Carmine St,40.72979,-74.00455,567,4.5,10014
tcAUSOnV9ZWR0y-Tv25h_w,Raiz Modern Mexican ,120 1st Ave,40.72708,-73.98546,67,5.0,10009
U9BX6bMvXHk8umBYnS3Dog,Dos Toros Taqueria,137 4th Ave,40.7336815475083,-73.9897049423153,1374,4.0,10003
NUdrJYB7GHRuwVVETSDIFQ,Top Quality,10-29 44th Rd,40.74961,-73.94994,155,4.5,11101
pG-IkylRFOb-HlaD8NwvvQ,La Loteria,29 7th Ave S,40.7307865530978,-74.0041882564488,359,4.0,10014
2hmhZim4bX2lbjPSNc7LaA,Javelina,119 E 18th St,40.7368812561035,-73.9873886108398,528,4.0,10003
j7EApOJDGUrU7HAs2DyCOw,Wonder,2030 Broadway,40.77674437664585,-73.98177040000002,12,4.5,10023
uwDuBWMQcRmdyBpnK0LkTg,‘ritas,756 9th Ave,40.7633331939511,-73.9887996051015,59,4.0,10019
ED91L2kUw_pwF_Pd1ZdViQ,Rancho Tequileria,718 Amsterdam Ave,40.793432,-73.971356,95,4.0,10025
2zLgKnIQDmrJDb99jl9qRA,Tacos Güey,37 W 19th St,40.73997,-73.99323,84,4.0,10011
juULANORQ2onWkEvSMjlaw,Al Horno Lean Mexican Kitchen,1089 2nd Ave,40.75967,-73.96525,139,3.5,10022
ueL0t_7Yu_ev2RrWK9dgDA,Tacombi,23 W 33rd St,40.74844037111226,-73.98618609111018,258,4.0,10001
Zk8UgB9MDoIHWFYgAxNlIQ,De Mole,2 Hope St,40.71377,-73.95786,240,4.5,11211
Jd2_ZC4ugEMSY9ElivNZgg,Summer Salt,30 East 23rd St,40.74057,-73.98768,188,4.5,10010
FeSZi6LBCcAIipoSua6dXg,La Esquina - UES,1402 2nd Ave,40.7693131667402,-73.9577519273524,206,3.5,10021
l0ZOGV9tohkpfHiZ-3XSRg,Friducha,946 Manhattan Ave,40.73152,-73.95432,133,4.0,11222
HjvCwjM0EkFoYo8TFHjfww,Arre Sinaloa,4605 Park Ave,40.77804222204433,-74.0175949037075,29,5.0,07087
sSoXtUwSGBKrZJhDmjo32A,SOBREMESA,43-56 12th St,40.750260726364964,-73.94863097519296,25,4.0,11101
v8tuFxvNkKdZytWTn9BhMA,Fonda Chelsea,189 9th Ave,40.7455185879981,-74.0021848849335,426,3.5,10011
WqjqHMozyW42XLTtLnKGag,La Pulperia Hell's Kitchen,623 9th Ave,40.7599217,-73.991841,870,4.0,10036
v4_89HfTm05NFTuukjsl_g,EL Burrito Box,885 9th Ave,40.76831,-73.98565,953,4.0,10019
SXWnyFNLCehVlJPRxk7gAg,Anejo Tribeca,301 Church St,40.71931499731559,-74.00427174111186,638,4.0,10013
al9HKZ3kCJipAJW4uxzj4A,Havana Central,151 W 46th St,40.75833809808108,-73.98409870613455,2765,4.0,10036
N90gLDq4XgqYanlRqaeNKg,Acapulco,1116 Manhattan Ave,40.7367,-73.95517,297,4.0,11222
jUI2Mf4hUFPzhQGmPCL4aA,Amigo by Nai,29 2nd Ave,40.724686,-73.99086,96,4.5,10003
ddFY9PpygYagv7-jVduB2Q,Counter & Bodega,216 7th Ave,40.743833,-73.996231,227,4.5,10011
BbMUXd69i0tlWS2aoppwaQ,El Camion,194 Ave A,40.7291,-73.98105,759,4.0,10009
a3xDhQkSIH451c_sEmtidQ,Oro Verde Taqueria,150 8th Ave,40.74182,-74.00078,7,4.5,10011
sul_ihulQ5VUPNbk9liWqA,Cantina Rooftop,605 W 48th St,40.76497439968185,-73.99610715738004,1438,3.0,10036
4Z0sxJTNkxhRBH3l5PG_qw,Bar Tulix,25 W Houston St,40.72577,-73.99808,58,4.0,10012
AFMskIEWMA-9mawqSFEuqg,Buena Onda,1446 1st Ave,40.76992107323629,-73.95424961681297,8,4.0,10021
nrwOQSXoRXfAYhkdjiUk8g,Toro Loco,15 Stone St,40.70421,-74.01208,427,4.0,10004
ojeMH0rbOOMx9ajChbVkJQ,Papatzul,55 Grand St,40.722148,-74.003677,474,3.5,10013
mhrLDFTxUzW2koRAzjlt5g,Chavela's,736 Franklin Ave,40.673484,-73.957267,1257,4.0,11238
BEYmqrP1_TC0nhnTGKkkJg,Ella Social,249 Columbus Ave,40.7769826,-73.9788067,655,4.0,10023
rbAxZRKdMoMxeonDTmooFg,El Vez,259 Vesey St,40.7147356376792,-74.015635,766,3.5,10282
mVaslo987DCd3YC_0FtWxA,Mole,57 Jane St,40.73824642587064,-74.00540857321451,506,3.5,10014
1m6viubAWUgsTgguIrJT6A,Cosme,35 E 21st St,40.739691,-73.988428,1213,3.5,10010
iXtZQ7twXQiv7j2ZdxZqUg,Burritos y Mas NY Tex-Mex,1571 Lexington Ave,40.7887686998247,-73.9486259859039,207,4.0,10029
NvyOagUcodDPHSDF5Vhbmg,Skinny's Cantina,4705 Center Blvd,40.7457158661738,-73.9563131306885,599,3.0,11109
SCQvI5pAJmD-OMm37kkS6Q,DORADO Tacos & Quesadillas,28 E 12th St,40.73396,-73.99312,713,4.0,10003
V9jFJfuK3FzWCJGoY15EgQ,Blue Maiz,606 8th Ave,40.75541701110701,-73.99069692538708,291,4.0,10018
AUm7If5Cbvy20AnmyxE-xA,Dos Toros Taqueria,52 W 52nd St,40.7607084122727,-73.9784675091505,101,3.5,10019
JzUg9hbxpAbyvs0JzbFruA,Noche Mexicana,842 Amsterdam Ave,40.79746,-73.96828,294,3.5,10025
jeWIYbgBho9vBDhc5S1xvg,Chano's Cantina,35-55 31st St,40.756621,-73.929336,214,4.0,11106
iTj5T_jPYvznd1QTgs7NZw,Nai ,84 2nd Ave,40.7265319,-73.9888568,1058,4.5,10003
3t1IjhshYUfDWIzpJn5YlQ,Cinco De Mayo,153 E 43rd St,40.75172171488582,-73.9742506021925,6,5.0,10017
LvzN8TrUGJRj_UkJV0cAtQ,Empanada Mama - Hell's Kitchen,765 9th Ave,40.76441,-73.9885,2910,4.0,10019
2-yiGN-eDKPmxPvc55GPZg,Mezcali,83 Maiden Ln,40.70745,-74.00748,88,4.0,10038
VzdToJAHuLY07TlXZTdIwA,Tito Murphy's,346 W 46th St,40.76034,-73.989743,223,4.0,10036
O-n0wC7S1klkEsapuxhO_Q,Ensenada,168 Borinquen Pl,40.7105293956958,-73.95418263068801,13,4.0,11211
5SOM3bh1R5K3RZ9E20TxUg,Alma Restaurant,187 Columbia St,40.68557,-74.00215,543,3.5,11231
0aQke5yyTjdfzj3onxPJkA,Citrico Cafe,3290 36th St,40.758009,-73.923307,91,4.0,11106
R5jpETY0OshPn-AeJjs0fA,Dos Caminos,475 W Broadway,40.7266452,-73.9999024,1240,3.5,10012
XipQLDbyTl5tsLlyzAWzug,Jajaja Mexicana,162 E Broadway,40.71419,-73.99041,1168,4.5,10002
VIIfYEzIppjps0K_J_8zLg,El Rio Grande,160 E 38th St,40.74826,-73.97669,695,3.5,10016
hyNYHig0zs4cku1vgVE7Jw,Pesce lulu Seafood Kitchen,601 Lexington Ave,40.75878,-73.97048,19,4.5,10022
GCx7TnLKgLtUcXLIfQYfFA,Casa Azul,369 7th Ave,40.66549,-73.98259,145,4.5,11215
qIOAlXCCYrwN0VxEEH-Tmw,Boqueria Flatiron,53 W 19th St,40.7402927726298,-73.9940709810079,1372,4.0,10011
y2dSu-qwp1BmLfQRn_c-1Q,Bar Lula,132 1st Ave,40.72743,-73.98521,45,4.5,10009
0KdTQUZRpnm7keKnUpD99g,El Coco,104 W 73rd St,40.77813,-73.97869,19,4.0,10023
ErJ0cbHUxOozl0sz_3wl5A,CasaTulum,229 Front St,40.707471,-74.001911,12,4.0,10038
yuYv1MV_eoNAWCHOokXlRA,Taqueria On Tenth,313 10th Ave,40.751061,-74.002121,7,3.5,10001
L5eqJRy8Yx_4El6rUxWmBw,El Vez Burrito Bar,259 Vesey St,40.7147356376792,-74.015635,155,4.0,10282
FXgSgiLg6xgOO8zrG51mzg,Claro,284 3rd Ave,40.6773587963142,-73.9861984489446,312,4.0,11215
lL5DgsvOuiI8nMQcjK1bMA,El Centro Cantina,359 W 54th St,40.76593,-73.98675,54,4.0,10019
2u8T56A4qu-MjeuT-v7s_g,Casa Bocado,341 Broome St,40.71958,-73.99484,118,4.5,10013
boRM4i0UQswxQIp6CA9y_A,La Esquina - SoHo,114 Kenmare St,40.721372,-73.997529,2163,3.5,10012
Ck09FempamAKGSPsV_bX-A,Xixa,241 S 4th St,40.7104,-73.95854,665,4.5,11211
VThwGCuC6JVaxAgnmuJDRg,Cilantro,485 Columbus Ave,40.784629,-73.973121,486,3.5,10024
5S8ZK9XLdl4l645twbNYZQ,Boqueria,1460 2nd Ave,40.771522,-73.956073,918,4.0,10075
C3N8N3_ja6F_HsBE3r2bAg,Tacos Y Quesadillas,299 E 69th St,40.766867,-73.959839,7,5.0,10021
tCuPhpmf1PaYe5dmwdq8Ew,Pico De Gallo Bar & Kitchen,768 Amsterdam Ave,40.795205276680704,-73.96984093776311,235,4.0,10025
0W0m68TNPbodGCA3PhIB4w,The Black Ant,60 2nd Ave,40.72578,-73.98952,615,4.0,10003
LdbANxQjzdvzBqUESYTUnw,Los Tacos No. 1,125 Park Ave,40.751566,-73.977476,164,4.5,10017
Q0SZ32fKVWA02NX8Wdql7w,Kuxé,205 Thompson St,40.72876,-73.9995,129,4.5,10012
bdGaFXlocJSuQnGWYaVMyQ,Mayahuel,32-7 34th Ave,40.759372,-73.926076,18,4.5,11106
tk5cnLJDAlUmX_ZYBGzw1w,Tacos y quesadillas,1280 Lexington Ave,40.77993,-73.95546,22,4.5,10028
Yilk_Ucz4L6w9EmvAS2gHg,Taqueria Coatzingo,7605 Roosevelt Ave,40.74721811502443,-73.88932086686563,484,4.0,11372
4sHkiQ0qURBjL_gVLQbGPw,Taqueria Diana,524 9th Ave,40.75652,-73.99371,249,3.5,10018
v7hwkFxrz2pORrT9Fiiovw,La Lupe,9 Jefferson St,40.69725,-73.93517,198,3.5,11206
f7g3GhoQs9nQVTJEL2p48Q,Gran Electrica,5 Front St,40.7027,-73.99314,523,3.5,11201
XEugUtbw4rRmGr9S1XA-aQ,Alta,64 W 10th St,40.7345163811398,-73.9983369619683,2009,4.0,10011
0XuJtcq9nMdAWyhJ_fZC-w,Virgin Mary Tacos,370 E 28th St,40.7400398,-73.9766541,8,5.0,10016
9z2lUyfzZV8b2rkkiwSM4g,ABC Cocina,38 E 19th St,40.738005,-73.989251,985,4.0,10003
5PIEHs-0Jv-tS8bjDrypew,Taco Tumba,30-10 Steinway St,40.76372534484979,-73.9154483,103,4.0,11103
WE064Ln20S4MQVT1hETCCw,Canyon Road,1470 1st Ave,40.770694,-73.953774,297,4.0,10075
NXjCypQNl7tBrdR3gkFqdg,Lupita's Restaurant,2049 2nd Ave,40.790205,-73.943136,142,4.0,10029
QwL5LS436Xjo9MHFi2rc-g,Agave,140 7th Ave S,40.734767,-74.002415,1402,3.5,10014
xIi-TO8iDQCy1ZSHe11_Zw,El Paso Taqueria,64 E 97th St,40.787296295166,-73.9528121948242,258,3.0,10029
anBWvFPOce4nl3qLX-H6Rg,El Mero Mero,35-57 38th St,40.753834323302,-73.923701159656,128,4.5,11101
gZqraVPjHNZN03duxEX1mw,Tacoria,208 Washington Ave,40.73915015370283,-74.0307057,41,4.0,07030
m8z1eTTetr-JbSM1HU2t6Q,Tacos Y Quesadillas Mexico,924 9th Ave,40.7686908,-73.9849574,50,4.0,10019
ePKsXWq7alN3Q1kQ6cKaUg,The Red Grill,1701 2nd Ave,40.77935,-73.95089,77,4.0,10128
AgAkUVLN_axMY-bzbNCfCw,Yuca Bar,111 Avenue A,40.7262,-73.9836,1960,4.0,10009
MfbVI5reXLIIs8Cc2HwgQw,Breakroom,83 Baxter St,40.7166907225542,-73.9999440120647,1680,4.5,10013
DY2wlHlgC5eHITs-d5rT4w,Panchos,964 Amsterdam Ave,40.8015,-73.96534,70,4.5,10025
Pda9zJfg0pRABp9krlJh3Q,El Rey Del Sabor,43RD And 6th Ave,40.7555250546562,-73.9836306448101,30,4.0,10036
zjnnccSIpMdx5fN-MxAr_w,La Superior,295 Berry St,40.71357,-73.96363,631,3.5,11211
HKBJGt04_ZSdiIWA_6J8kQ,Tortaria,94 University Pl,40.73387,-73.9930481239834,801,3.5,10003
EAN8rXqdrgIYsFNxUDVX-w,Limosneros,366 Union Ave,40.7114012897548,-73.95103148532137,12,4.5,11211
rpTW8Ozm8q8kN5RWOYSvFA,Oaxaca Taco De Revolucion,5-29 46th Ave,40.7475815,-73.9542618,2,2.5,11101
jFYEsw6_4y4VMpSVB863sw,Mojave,22-36 31st St,40.7753290076368,-73.9119911693115,791,3.5,11105
r5NT8-nV4py2c-mppTKucQ,Essex Taqueria,123 Essex St,40.7197418,-73.9877989,322,4.0,10002
foAYWheDCF9wUyKPuOGYow,Mole,1735 2nd Ave,40.78033,-73.950306,426,3.5,10128
zASGm-RyRNTY2xQir2nV_w,Jajaja Mexicana,119 Kent Ave,40.720138288951354,-73.96157921170422,94,4.5,11249
X83qWL5WPR-QWGXGQ8WP-Q,NR,339 E 75th St,40.770153,-73.954956,289,4.5,10021
YKAwpTnKO-n5vB9-pqaCLQ,Taqueria Y Fonda,968 Amsterdam Ave,40.8016168,-73.965212,516,3.5,10025
NcIUA8l_kmbPEwqI9lzELg,Anejo,668 10th Ave,40.762577,-73.992919,823,3.5,10036
ZIfh0Vv86ktGZDdM3YME-w,Mexico Lindo Restaurant,459 2nd Ave,40.73981,-73.97984,270,3.5,10010
iK2jJQA72XRjf4nUD3cAnA,Tortilleria Mexicana Los Hermanos,271 Starr St,40.7066299,-73.92198,774,4.0,11237
6rM-N1SBbKPC7DWZNg5awQ,Los Portales,2508 Broadway,40.7631768211379,-73.9282260153443,315,4.0,11105
uipFunIVqRWwopfEvrscyQ,Casa Mezcal,86 Orchard St,40.7179602,-73.9902328,451,3.5,10002
-vBfKWJ1v9YdJQT5XUbcBQ,Le Botaniste,833 Lexington Ave,40.7649986274526,-73.9659830279587,455,4.5,10065
J9pgjC191T-odCmTAG-grQ,El Diablito Taqueria,60 E 3rd St,40.72504,-73.98917,425,4.0,10003
LyCE268_fz_MAZieFZY1lA,El Cantinero,86 University Pl,40.73364,-73.99324,585,3.0,10003
jYAqup9AF9N9wYAWYanZ-A,Arriba Arriba Midtown,762 9th Ave,40.7641288111074,-73.9882850646973,995,3.5,10019
7RgdHGMY9Xa2Ur5y7vSBZQ,Homemade Taqueria,45-09 34th Ave,40.7546939084048,-73.9165629007979,400,4.0,11101
qLUH_0H8ct_DTSqrjwd3DQ,DORADO Tacos & Quesadillas,570 Lexington Ave,40.757137,-73.972584,29,3.5,10022
9yc2V6zNpLG58uPV_ykBog,Boqueria West 40th St,260 W 40th St,40.75558,-73.99012,666,4.0,10018
AhRzrLCNagCX87EK-VBVog,Summer Salt,275 Madison Ave,40.7511757,-73.9799914622357,40,4.5,10016
GXK3j99VZK-7JJ0YrtIR0w,Parada 47,526 W 47th St,40.763092,-73.99443,65,4.0,10036
mmAlHhnTDXIohPC3wfl0hQ,Mesa Coyoacan,372 Graham Ave,40.715528,-73.944273,823,4.0,11211
2VdLKWG8e3bT7fTng4UNBg,Calabrije's Margaritas & Tacos,1619 York Ave,40.77555277141703,-73.9478079705522,23,3.5,10028
J_9-q-WFMWg5swNVzzZ_XA,Lupe's East L.A. Kitchen,110 Ave Of The Americas,40.7236932215964,-74.00455078574569,427,3.5,10013
ifGXrRqs-zp6ek7LsoozrQ,Taqueria Diana,129 2nd Ave,40.7284337609976,-73.9879844318771,782,3.5,10003
8p1HTzXEcC3TCbLz59xMng,La Diagonal,185 St Nicholas Ave,40.8061,-73.95302,267,4.0,10026
QqrEF8_ZQCGi63cL10J5oA,Chola,232 E 58th St,40.76016,-73.96582,665,4.0,10022
WgAJUrVaMcMtQxsiIc02sQ,Quesadillas Doña Maty,228 E 116th St,40.7972183,-73.9390182,65,4.0,10029
wygR5Tl5bS42ojSGEZHf8w,Bar Cima,30 W 39th St,40.75213,-73.98383,3,5.0,10018
0oRYwB_SLqjHptvUQwwe2w,Tajin,85 Greenwich St,40.707905071154805,-74.01362173954276,265,3.5,10006
ApzxIf8AYh3MEgvF63Zuvw,Cantina 48,605 W 48th St,40.76497,-73.99607,12,3.5,10036
JAL8di-znskAHDTrLIdhfg,For All Things Good,343 Franklin Ave,40.687630013555,-73.9568200707436,45,4.5,11238
1y900NbcusWxwVb01RSdcg,Bosco,169 Bleecker St,40.72882,-74.00025,16,4.5,10012
ePqKbqXFBCbwBaWiN2Jo9w,Ampersand,294 3rd Ave,40.7386178790617,-73.9834206895483,254,4.5,10010
1HPdyg0OLRkjHeixVmbu0Q,Cocina Del Sur,40 W 38th St,40.7515296936035,-73.9846572875977,150,4.0,10018
3vBVnzsJLRh8WtW3awKxeQ,Bodega 88,573 Columbus Ave,40.7875358759796,-73.9711353555322,225,4.5,10024
mpPZhqTzk2_Pz35gBQnbCw,Santa Fe BK,178 N 8th St,40.718101199815685,-73.95677762208928,71,4.5,11211
7-aFmvscXWT223jlWrOkWg,Mictlan Mexico,17 Orchard St,40.71524,-73.99183,33,4.5,10002
GVc1Eh-Welogn5qgaK-PFA,Tamale Lady,37 E 39th St,40.750843,-73.9801865,4,5.0,10016
XGdUYzkPkX94RoLlPDymeQ,Tacos Y Quesadillas Mexico,2030 Broadway Ave,40.777487,-73.982069,39,4.0,10023
MS32PBIYzOcYmO0b7aDRbw,Pia,425 W 15th St,40.74247,-74.00658,10,5.0,10011
9waWbkovs6DyF9ynlZeJhQ,Cielito NYC,3302 36th Ave,40.75564667,-73.92806333,73,4.0,11106
MwyEUg5EXuqTf1mjKU08ng,Xolo,29 Dunham Pl,40.71153,-73.96761,23,4.5,11249
wAmWk6hQaHjREDVe8z2otA,Pampano Taqueria,805 3rd Ave,40.75537,-73.97054,166,3.5,10022
BxnrBKdLwdaEXyq97uxgKg,Cascalote Latin Bistro,2126 2nd Ave,40.79271,-73.94069,387,4.5,10029
jB5fXguSmlX65asSB3KIfQ,Charrito's Restaurant,974 Blvd E,40.77707,-74.0136,782,3.0,07086
vC5XPdWzKa-c8iUQlUwEUQ,Orale Mexican Kitchen,1426 Willow Ave,40.75493,-74.02968,313,4.0,07030
_2jMPuiK-7nLepFdPu2TTQ,345 Cantina,345 E 6th St,40.72665,-73.98651,11,4.5,10003
uVfOB37NyYEGRs5FITM-nQ,Leyenda,221 Smith St,40.68431,-73.99197,308,4.0,11201
OwV-MtDBC2H08rVcBqP2mA,Pio Pio 8,604 10th Ave,40.760506289326,-73.994564488901,2541,4.0,10036
uQ0kF3fiJFDm0oDVRaMBkw,Carla,25-03 40th Avenue,40.753517,-73.937647,133,4.5,11101
jzVv_21473lAMYXIhVbuTA,De Mole Astoria,4220 30th Ave,40.7625999,-73.9129028,412,4.0,11103
XO6IbZn2oxonPrfcXHK4HA,Casa Mexicana,894 Amsterdam Ave,40.7989892,-73.966955,221,4.0,10025
by2g5iFuvQife99pHOuXDg,Antojitos Caseros,231 W 39th St,40.754907,-73.989615,8,4.5,10018
Pf3tk5fYN-GVxXWRokjIWg,Colonia Verde,219 Dekalb Ave,40.6897354125977,-73.970703125,228,4.0,11205
8PhwiTru5teSaZ8C6hrIww,Casa Mono,52 Irving Pl,40.7359281440206,-73.9871550967319,1379,4.0,10003
zNcDCPiUsE5aT6jyaCVtmA,Fresco's Cantina,12-14 31st Ave,40.76837,-73.93303,289,4.5,11106
EZZh8594pRwAM1e_WVGeFA,Organic Mexican Food,50th Street & 6th Ave,40.7598992013858,-73.9804509576337,5,4.0,10020
tnxb_qM5e7J5wIfYwJB3Ig,The Elgin,64 West 48th St,40.758194,-73.980905,257,4.5,10036
6AJwsgXr7YwsqneGVAdgzw,Las Catrinas Mexican Bar & Eatery,32-02 Broadway,40.7614214682633,-73.9246649456171,441,4.0,11106
xK1HSKDbYfuCvWw8u1OXlQ,Fresco's Grand Cantina,28-50 31st St,40.76739,-73.92136,31,4.0,11102
ftL-f4OoFFshVYSZwTOrYA,The Owl's Tail,215 W 75th St,40.781040643739,-73.9807120224114,124,4.0,10023
kJCjKpwcOFA1fal0fuNVRg,Tacoria,24-26 Erie st,40.721858,-74.044181,269,4.5,07302
PZKJirrvQt8VPSnMnOzlQw,For All Things Good,314 Grand St,40.71272,-73.957,8,4.5,11211
jf95dOTlZB7oPWz9JLgaQA,Borrachito Taqueria & Spirits,206 Avenue A,40.7294609,-73.980749,72,4.0,10009
fhqAmrQsX45YQ9zyvZ938g,Tortazo,1123 Broadway,40.74332,-73.98924,62,4.0,10010
iaMuLypgQa8yaDWOOmlGVg,Zona Tribeca,353 Greenwich St,40.71865,-74.01008,63,3.5,10013
mBFnE5EDUwpZiEsSf_1piA,Los Tacos City Habanero,48th Ave Vernon Blvd,40.7440144504923,-73.9537688118532,82,4.5,11101
hJrZIHNRVUuC_PXAORxj9g,Favela Cubana,543 LaGuardia Pl,40.7284702112794,-73.9979839324952,1227,4.0,10012
frWu5KfSULdCHd0GmA-ytw,La Palapa,77 St Mark's Pl,40.727969,-73.985604,753,3.5,10003
rdSvooYVyQ2q0IKvUKYMyg,Tacombi,27-10 43rd Ave,40.74771504742684,-73.941554,93,3.5,11101
zT93JCAGIuHkLaD2YenUgQ,Los Cuernos,499 Washington Blvd,40.72598,-74.03594,210,3.5,07310
dy48bFMiPiZ56ZkQsbSpHw,Frida's Favorites,North Broadway,40.7488436855265,-73.9880524849005,4,4.5,10001
4pj4ol7lXiytDD-BTKe3kg,Las Santas,572 Fulton St,40.6882,-73.97953,303,4.0,11217
5RqQOSTz5WBxZYH1iIzv4A,Los Tacos Hermanos,570 8th Ave,40.75476,-73.99137,9,4.5,10018
8WnHtvMdPWE66eSkUdbLhQ,Flip Sigi,131 7th Ave S,40.7344965,-74.0020674,933,4.0,10014
aTBxCoZDOnqAXPDdQmrxMg,Taqueria Mexico 2000,131 Grand St,40.71509,-73.96246,38,4.0,11249
h8uXSLLFAdgltp36x0sXJQ,Chofi Birria,1706 Summit Ave,40.76468,-74.0392,145,4.5,07087
8A7qOO6r1ZpZwVaYndA6-A,Electric Burrito,81 St Marks Pl,40.727858,-73.985473,133,4.5,10003
bbb6QZReetkrrubqGWJokQ,Pulqueria,11 Doyers St,40.71448,-73.99819,505,3.5,10013
xrKa2SpgWzPEEbji3Iw2DQ,The Calaveras,949 Columbus Ave,40.79956,-73.96241,212,4.5,10025
-Qn5nXGhxWHNePA0dYmPSg,Tacos Times Square,43 West 55st,40.76253,-73.97671,119,4.0,10019
m3C3d47Bh4NJHGXvT6Rqbg,Mexico 2000 Restaurant,369 Broadway,40.70765,-73.95493,181,3.5,11211
qCf1QN11Qdncpqb7PhuyVw,The Rag Trader & Bo Peep Cocktail and Highball Store,70 W 36th St,40.75059,-73.98628,740,4.5,10018
CfOBb6NU2awo8xclJpKU3g,Chela Park Slope,408 5th Ave,40.67032,-73.98569,633,4.5,11215
1Ylu26XW3F6gSJWdFw6-8g,Great Burrito,100 W 23rd St,40.7428322,-73.9930115,265,4.0,10011
s7ZVdhnQXBxmwadL3lDp0w,El Gallo Negro 2,41-34 Queens Plz N,40.74982245,-73.93764305,1,3.0,11101
j9a6xr78a6tPBblKvvBJew,The Cactus Shop,231 Kent Ave,40.71672,-73.96543,41,4.0,11249
StpOKezaW-AyN2xA1EJKvw,Victor's Cafe,236 W 52nd St,40.7629499,-73.98403,1636,4.0,10019
MNNpsRXe7Wt5m3Jla9Wk0w,The Alcove,41-11 49th St,40.7459065,-73.915103,1068,5.0,11104
0o0s6bUIuy0LTGNR3xYzzw,Dos Toros Taqueria,1111 Lexington Ave,40.7739509,-73.9594762,404,3.5,10075
AStYD2Uo6NR1gzZ0xXrn9g,El Sabroso,265 W 37th St,40.7540843452975,-73.9914900079345,148,4.0,10018
bm1r5T7vc9dHws3tD6Y0sQ,Street Taco,2672 Broadway,40.79821,-73.96887,42,4.0,10025
vN1CYP0WNSPfdmZAstfdOg,Sabor A Mexico 2,233 E 77th St,40.772556,-73.957035,202,3.5,10021
hSkeb_lmfxnoqg7EVo19Vw,Taco Mix,234 E 116th St,40.797098,-73.938785,456,3.5,10029
YYB2lPax5wAdeNWUcm5WAg,Mexicocina,503 Jackson Ave,40.811884525549,-73.90966713749,197,4.0,10455
j4dGkqL-OK9YH8Sl2eOWEg,5 Burro Cafe,72-05 Austin St,40.7192464187592,-73.8422552802263,1543,3.5,11375
DICO4Og4KD7gWgZzR1ldng,Taqueria Nixtamal,115 Delancey St,40.71827,-73.98806,23,4.5,10002
Rc1lxc5lSKJYd162JHNMfQ,Bea,403 W 43rd St,40.7591968,-73.9923361,2810,4.0,10036
trOfIBnEr_CxZuLRyGj9FQ,Miti Miti,138 5th Ave,40.6786672454389,-73.9791200818081,1504,4.0,11217
onGzhRqmlmYixXljTT3QVQ,Sobre Masa,52 Harrison Pl,40.70634,-73.93136,29,4.5,11237
KNo4WyHcQ8Kwd4zXy_mhfA,El Cantante,110 Leroy St,40.73019,-74.00762,2,4.0,10014
FkA9aoMhWO4XKFMTuTnl4Q,Atla,372 Lafayette St,40.7271874,-73.9938924,369,3.5,10012
AnAZaBsEuBjYvzaPMTN0oQ,Flats Fix,28 E 16th St,40.7365039,-73.9910582,244,3.5,10003
cUyfnb3E7HvzNfbTgTjl_Q,Despaña Fine Foods & Tapas Cafe,408 Broome St,40.721094,-73.9978255,594,4.5,10013
_PqNDaGlo1fxku0U7qsnqw,Viva Margarita,163 Old River Rd,40.80668,-73.99235,298,3.0,07020
MxrjY6myVl8vK0YvCT4r4g,Las Delicias Mexicanas,2109 3rd Ave,40.79735,-73.94009,87,4.0,10029
5IGFJRN06HiclnivxaFThQ,El Pote Español Restaurant,718 2nd Ave,40.74754,-73.9735,217,4.0,10016
7I-4qCgJq3n0yan1ChE-ew,Zona Rosa,571 Lorimer St,40.7139388888686,-73.9494076703442,505,3.5,11211
jjosc19o7g0PQ7OjpB1xZw,adelitas,23-07 Steinway St,40.77062888790362,-73.90829465277385,7,4.5,11103
Th9rQGHSR1C96tMa7kQN5A,Etérea,511 E 5th St,40.72469937616872,-73.9837465054878,68,4.5,10009
MOZ5R0tqNmO2InOd3eDw5g,Lime & Salt,98-102 Queens Blvd,40.789873,-73.8289994,41,4.5,11374
9fG8-RRh1rzuCKN2TmF-QQ,5ive Spice,227 Mulberry St,40.722598,-73.996272,651,4.5,10012
gTlgBbwKW8XPxllVEQLRCA,Tiny's Cantina,229 Flatbush Ave,40.681255,-73.97520649632989,57,4.5,11217
DiHm4iIAQhqMKfjsrBPvZw,Socarrat Paella Bar - Chelsea,259 W 19th St,40.7426956,-73.9995488,1272,4.0,10011
f7-4kTNeYOhZdtJgXlbqBQ,El Rancho Burritos,359 W 45th St,40.7603099,-73.99087,139,3.5,10036
98Bm2w9RzNJQZo4U3jSgQQ,Tacos Times Square,134 E 27th St,40.7417320336149,-73.9823354903991,148,4.0,10016
LJTGRkX5yWoqx1jJ7E4zqw,Haymaker Bar and Kitchen,252 W 29th St,40.7487508496393,-73.995229748466,381,4.0,10001
gAAG2KJ_pdfAK-_UVN-bjQ,Oaxaca Taqueria,130 Grand St,40.7149695,-73.9627357,55,3.0,11249
Hh9glEE_xDYT_pPUsRPXlA,Blend on the Water,45-40 Center Blvd,40.748216,-73.956973,3740,4.0,11109
z5hRX3iJ5Ty_S38iG_WY3Q,Tanner Smiths,204 W 55th St,40.76442,-73.98169,1993,4.5,10019
qZfJbJPxZUkC66lRldcbGA,Tulcingo Restaurant,665 10th Ave,40.762756,-73.993545,323,3.5,10036
IOHaEgK1zDvUvB3SfKuGCw,Parker & Quinn,64 W 39th St,40.752586217581296,-73.9850713153442,1593,4.0,10018
huCqalKTIWBv8w6fFsG49g,Tobalá,3732 Riverdale Ave,40.88748545950914,-73.90687009999999,19,4.5,10463
XYyIWs-3J4bZRZDfcsMquQ,Rancho Tequileria,741 9th Ave,40.763717,-73.989189,358,3.5,10019
eZ0J2lwGdOBZHQKTC5hQYQ,Cerveceria Havemeyer,149 Havemeyer St,40.7116974,-73.9574585,137,3.5,11211
5LO5C4doYF_UP2OB29zYMg,Empellón Taqueria,230 W 4th St,40.7341219,-74.0030294,751,3.5,10014
mNS4lJ66nND2cRoxF9aP3Q,Mariachi Grill,262 Ridge Rd,40.80951,-74.11764,350,4.5,07071
n7wiN5Ergd_BSzBHVp8-SQ,Los 3 Charros,57 Lenox Ave,40.8001,-73.95143,26,4.5,10026
DTKKEogIt2wQm4UULYVGug,Mad Dog & Beans Mexican Cantina,83 Pearl St,40.704168,-74.010261,1049,3.5,10004
G92jSUckfs4MhD6bGPyHow,Taqueria Diana,367 Metropolitan Ave,40.7142179690191,-73.9556609,92,4.0,11211
eTR6nfHvQzvKX7Dcd6JrfA,District Social,252 W 37th St,40.7535743713379,-73.9914321899414,725,4.0,10018
RGSjUKs-hNpCSafrFcU-VQ,La Flor,53-02 Roosevelt Ave,40.74434,-73.91141,266,4.5,11377
k3iUNUGsl-xpQ_EsOfTadA,Ollin Restaurant,339 E 108th St,40.7912288,-73.9395386,456,4.0,10029
izX40YJYnqBwlnhOEMcbEw,Tacos Juquilita,310 Madison Ave,40.7501759,-73.978959,17,4.5,10016
UH_aksIxzGPPyhWZJbTP7A,Cantina Taqueria & Tequila Bar,1838 7th Ave,40.800338992692026,-73.95497594715312,564,4.0,10026
AIKjw2QLvVNdha3TciJYzg,Boqueria Soho,171 Spring St,40.7249227818105,-74.00215536627918,1220,4.0,10012
16bXxf22x14xrzvVWbFeHQ,Leon Bakery Mexican Restaurant,695 9th Ave,40.762237,-73.990272,63,4.0,10036
g6epuiA0PVw3-Ed33iDmzw,Kaña SoHo Bar,324 Spring St,40.725869,-74.009477,5,5.0,10013
60sLpAHHl-IvANGTRzfCow,Tacos Grand Central,711 2nd Ave,40.7476230390695,-73.9740906903076,55,4.5,10016
yvva7IYpD6J7OfKlCdQrkw,Mi Espiguita Taqueria,32-44 31st St,40.7612033639422,-73.9261436462402,143,4.5,11106
zv29TbzPs9-rD5ql0qWw5A,The Shadmoor,1066 2nd Ave,40.75866,-73.9655499,428,4.0,10022
RThvexVhZQ8KA6JAr0UkCQ,Casa Adela,66 Loisaida Avenue,40.722650655675935,-73.97974337731952,564,4.0,10009
3DNtS1_3gobrYQBAwDx4DA,Calexico - Greenpoint,645 Manhattan Ave,40.72416,-73.95132,753,3.5,11222
Ui-E0CK2BBVVoOzulzzhcQ,Carmen's Kitchen,302 W 38th St,40.7547995,-73.9921988,63,4.5,10011
uvcEo61aL2F8e4PCzwZsYg,Chihuahua,47-02 Greenpoint Ave,40.74232,-73.91777,183,4.5,11104
eW0p8TpZa-_BFG53B7tHgQ,Alcala Restaurant,246 E 44th St,40.751148223877,-73.971809387207,180,4.0,10017
SP4bvMvxel_UPdof_er3HA,Taco Mahal,73 7th Ave S,40.73235768476899,-74.00332645767203,787,4.5,10014
LHxZgTddXIp_S1sL3nNG9w,Park Avenue Tavern,99 Park Ave,40.75031,-73.9783999,943,4.0,10016
-EOqWiMqQ_6QwLBKwmWdsQ,Alma Negra,494 4th Ave,40.668789863362726,-73.990421,32,5.0,11215
RyEd54MOTc5OcYtOiDt11g,Iguana Restaurant & Dance Lounge,240 W 54th St,40.7642063,-73.9832105,941,3.0,10019
UmY9dyGOclJ0tGbn1IozlA,Zaragoza Mexican Deli & Grocery,215 Ave A,40.730102,-73.980949,323,4.0,10009
-Jdk7iFGj2fT4jzPXyEZFA,El Gallo Taqueria,502 Amsterdam Ave,40.78666,-73.97599,34,3.5,10024
RLjlJPtciMdE2nEurLmmNQ,La Casa de Los Tacos,290 County Ave,40.7740104861106,-74.06321,254,4.0,07094
8_NilECM6qg_L7WYb25uNw,Luchadores,87 South St,40.70582,-74.00411,130,4.0,10038
UlDO0B-Km4md4ydftjfvaQ,MÉXology,28-17 Jackson Ave,40.748981678811695,-73.93874363738132,17,4.0,11101
vYB5bZOJQkmBquzQ8D23-w,Comodo,23 Lexington Ave,40.73981,-73.98436,47,4.0,10010
ykTNq1F-Vpfw4i4xGhPS0Q,The Little Taco House,246 West 4th St,40.73475,-74.00321,81,4.5,10014
mhhTORjUdXj-UIDjyGmhBg,Estiatorio Milos - Midtown New York,125 W 55th St,40.763541894630784,-73.97902511983438,1045,4.0,10019
02QBPRcN0LYO3neX_oqx4Q,Gordo's Cantina,140 St Nicholas Ave,40.704883,-73.917605,295,4.0,11237
XPbcjRWxumT4ZQr-7uqOAw,Los Tacos No.1,340 Lafayette St,40.726157,-73.9946634,91,4.5,10012
YS21bp9Wp715X75r7eTzxw,Mi Querido Mexico Lindo,247 E 116th St,40.79733,-73.93816,12,4.5,10029
4rAXH_bl_iJ1BwHp7I3rYg,Al Horno Lean Mexican Kitchen,417 W 47th St,40.762151,-73.991049,266,3.5,10036
IBY_PUKMfcbHAtO8BTqigg,Moho Mexican Grill,38-05 Bell Blvd,40.766353,-73.772158,261,4.0,11361
wOvCuvf0ftfTxQ-8NJ6V4A,Xochimilco Mexican Restaurant & Bakery,321-323 61st St,40.78872,-74.01255,26,4.0,07093
9YXvNE2jpEhA4k6M8WDH7A,Ñaño Ecuadorian Kitchen,691 10th Ave,40.7631,-73.99335,622,4.5,10036
z4pKyIi2HJcbf9xvHaktDg,The Rooftop at Selina Chelsea,518 W 27th St,40.7504133,-74.0034186,1,4.0,10001
_WhV2UWBj6ULaLlo_I9FMg,El Encanto De Lola 2,175 Lenox Ave,40.80389,-73.94865,103,3.5,10026
4jucppz-BA0MiY06DjuBYQ,Frijolito's,3446 Broadway,40.8234652876854,-73.9524172246456,171,4.5,10031
KzJYO3-2k9XJhOHVpXayZQ,Empellón Al Pastor East Village,132 St Marks Pl,40.72668,-73.98336,286,3.5,10009
sshS0FJ6tKkmLCcEKXyVkA,"El Tepeyac Food Market: Carniceria, Grocery & Taqueria",1621A Lexington Ave,40.789743,-73.947903,56,4.5,10029
UBqLK5kg0kT72CIaBYa5Zg,Patron Mexican Grill,608 9th Ave,40.75923,-73.99173,482,3.5,10036
Sh8OVFc08NwUkGB4_XKQ9Q,Taco Tavern,480 Amsterdam Ave,40.7859,-73.97653,34,3.5,10024
WV4wYPAGb3W69MfBqIZDHg,Dos Toros Taqueria,555 8th Ave,40.75468,-73.99214,72,3.5,10018
bbSVzQG_vBlc7uKOT-IATQ,Dos Toros Taqueria,10 E 48th St,40.75685,-73.97738,26,3.5,10017
-kVueEw_fyO1Q2Gkmj6Few,Taqueria Santa Fe,4708 47th Ave,40.740766,-73.917876,412,4.5,11377
2L67SVTZblwESKq9gVYv5w,Mi Ranchito,696 Anderson Ave,40.82826,-73.98618,9,4.0,07010
4BH4Fjvuh5FdsUQKL6bGeg,Fogon,899 Tenth Ave,40.7687676,-73.98538309999999,10,4.5,10019
POGfmcCkuLpkP_Vz98DuwQ,Caliente Cab,61 7th Ave S,40.7318059,-74.0035903,944,3.0,10014
MuOI7pknWVLNfed5MXUvJg,DORADO Tacos & Quesadillas,152 West 52nd St,40.762577,-73.981442,2,4.5,10019
NqF5klmeAW2By3nTR1_tbw,¡AY GÜEY! Cantina Y Cocina,30-86 51st St,40.757493,-73.90775639398036,7,5.0,11377
XmogJstBXGY35Y3yjlI9yA,La Cafe,17 W 45th St,40.7560043334961,-73.9803085327148,1,4.0,10036
yKPRuBvD3ScCc18QrZ4Y6w,El Porton,3151 Broadway,40.81452,-73.95966,212,3.5,10027
p7MviobRqz5rvdzmsjBdEw,El Aguila,1634 Lexington Ave,40.790573,-73.947715,227,4.0,10029
4c4Uwb5yUqXJ-inkcDinIg,Mcondo Tacos,502 Grand St,40.7108323440285,-73.9509542539666,376,4.0,11211
_5G0SOM1ogWTsSmPBGRfzA,El Gallo Taqueria,214 Highlawn Ave,40.6035151454871,-73.9779098353486,336,4.0,11223
pcQ9ld7xuX9EXTCAoakkbQ,Tacombi,74 Broad St,40.70468776591344,-74.0116733,118,4.0,10004
0ozvPXsxdIdJ8RmuV0VQbQ,El Coco,202 8th Ave,40.74356,-73.99953,69,3.5,10011
4QVG74AmkmhjE63-gwyWow,Mexican Deli,2711 Broadway,40.799684,-73.968647,42,4.0,10025
47_jHPl3p4-OYGCVLy2ZIA,Salvatoria Kitchen & Bar,31-18 Broadway,40.76142,-73.92486,249,4.5,11106
qZXlH7mYJt_udou9-BhaBA,The Inkan,4502 23rd St,40.746833,-73.945639,240,4.0,11101
4ttqjZMCsfz6X0kQ_KR0xQ,Orale Mexican Kitchen,341 Grove St,40.720536,-74.042976,1292,4.0,07302
ssGhu4n3emZ9kEPVf371IQ,Cookshop,156 10th Ave,40.745731881448236,-74.00540454907613,2281,4.0,10011
r0Krxbk7O1KRjgvOYMHMug,EL Gallo Taqueria,369 Broome St,40.719886,-73.995982,70,4.0,10013
Jh6bSOaw0ftGh9ONiwr7nA,Los Tres Chilitos,456 Central Ave,40.75021,-74.04619,232,4.0,07307
yqU1-chsjix3T4EMY2MyxA,Athens Grill & Sports Bar,3011 30th Ave,40.76734,-73.92178,217,4.0,11102
W87C7jAakZL1GkV5kzb5XA,Pinks Cantina,203 Chrystie St,40.72229,-73.99189,32,4.0,10002
YgVUJg4-aUsSu9dLhfF-3Q,Pinks,242 E 10th St,40.7287913560867,-73.9845903217793,240,4.0,10003
Ve6GVzzJpR5QIIPdcn6ViQ,Mercato,352 W 39th St,40.75619,-73.9937,1026,4.0,10018
2iqsjuh8Mpm_3p6s-G9zkQ,Taqueria Tlaxcalli,2103 Starling Ave,40.83624,-73.854962,743,4.5,10462
BZcG-xN3DCxlfhckBZYeuw,Pio Pio 7,210 E 34th St,40.74534,-73.97761,869,4.0,10016
WSjhU85kBSvidxDJaBTV1g,Chinelos Tacos NYC,4-09 Center Blvd,40.7423518016186,-73.9599615129021,70,4.5,11101
_csLDQow8YzjZJNEeZUMUw,Planet Taco,141 2nd Ave,40.72914,-73.98749,73,4.5,10003
53zd9Zi8EKMpLd6OXNm8Mw,Emporium Brasil,15 W 46th St,40.75653,-73.97989,290,4.0,10036
2jjxdN9FXWVdx6DEX83krQ,Hoja Santa,40-17 30th Ave,40.7638197,-73.914523,107,4.5,11103
fc61TdsmBK_iX67P_gI-YA,Jicama NYC,894 Ave Of The Americas,40.74826,-73.988506,20,3.5,10001
unWoFZeSWa0DK1YMekO_Uw,Trademark Bar + Kitchen,38 W 36th St,40.7503233942813,-73.9855566306885,713,4.5,10018
PGpCaNkB1meojnbgRmb2gQ,Buena Vista Restaurant & Bar,536 9th Ave,40.75686,-73.99356,333,4.5,10018
9qOUxAQD6Tasr9TVUlSvdg,Los Amigos Mexican Restaurant,2273 31st St,40.7744827270508,-73.9123611450195,143,3.0,11105
G2PCaDt_VC4O4w6uRMpE9A,Birria LES,127 Rivington St,40.719628849397935,-73.98711402147562,115,4.0,10002
wgAnpM65vrCN4sCVbfFVng,Bar Bruno,560 Manhattan Ave,40.72236,-73.94984,13,4.5,11222
ID5DkaAOMpTmkAFR8bVLLQ,Lost in Paradise Rooftop,11-01 43rd Ave,40.75198,-73.94752,64,3.5,11101
eCD1l-Xx3QqnhrSsoccgMg,Tacocina,25 River St,40.715238,-73.967644,125,3.5,11249
tgELgg-JikDl3jJvqIxztw,Veracruzano,3019 Astoria Blvd,40.7702601,-73.9183536,3,4.5,11102
-yR4PHWqpkrPopwv4wrC5g,Taquerias Veracruz,434 51st St,40.783243,-74.019794,35,4.0,07093
VoEB81AQajTsatt56aiTLA,Dos Toros Taqueria,119 W 40th St,40.7540578242766,-73.9859579131007,89,3.5,10018
lTUNj8Q4Yv8OB1vD7YZKOA,El Jalapeno taqueria,204 W 4th St,40.733196172640056,-74.002585065464,12,5.0,10014
rwr5mV9UfDu1IqpAvgfP8Q,Dulce Cultura,4220 31st Ave,40.7603126,-73.9152853,47,4.5,11103
JywbRdA7yskb-06WbjUjKw,Paquito's,143 1st Ave,40.728144,-73.985217,283,3.5,10003
nQbg75zU2xMjRZ964jR19w,Cafe De Olla  Antojitos y Chucherias,38-07 Broadway,40.759371,-73.919297,33,4.5,11103
aIigHZBgXDHXalBZMRHsvg,Gringo's,12 Coles St,40.7216329213934,-74.0476842694786,607,3.5,07302
GeL6wGdzhdEhuIFQau3ocQ,Taqueria Meza,95 7th Ave S,40.7330017,-74.002915,288,3.5,10014
fVslDZ8dGsVmcRhS0R0kFg,Huertas,107 1st Ave,40.726856,-73.986251,343,4.0,10003
kvvrtHlCn-QFVu71_l6VAA,Bitol Mexican Kitchen & Handcrafted Cantina,1061 Bloomfield Ave,40.84111134955965,-74.15992002613847,149,4.0,07012
uGUXV74PbdcYeHEqntDh2w,Hidalgo Mexican Food,3511 Vernon Blvd,40.763377,-73.941449,35,4.0,11106
-SYHh9DWvYuBZxkA4gfzHg,Calabrije's Margaritas & Tacos,234 Starr St,40.7055429619569,-73.9225539192783,158,4.0,11237
vsQjfOXS10MQ8_CZ3amhVQ,Downtown Bakery Cocina Mexicana,69 1st Ave,40.72543,-73.98711,276,4.0,10003
JYNBy2r3LVhJbLHE1bASfg,The Smith,1900 Broadway,40.7716201269986,-73.9818377981476,2039,4.0,10023
TYVIfbcJ3YT4CP1roKMshg,Lucy's Cantina Royale,1 Penn Plz,40.751757506263,-73.9928958215327,803,2.5,10119
o0N93sxw6jK4-SZP0Ksn3A,El Buen Gusto Restaurant,30-85 14st,40.768729,-73.93146,12,4.5,11102
13jzN6n45XtcbYA46nWThg,The Bar Downstairs and Kitchen,485 5th Ave,40.7528813879886,-73.9810645580292,387,4.0,10017
iV4Qm5DnGChgrnbYG20ASw,Sombrero Restaurant,303 W 48th St,40.7611200213432,-73.9870921522379,416,3.0,10036
MLJsyE42tx4R3wKp2eqnRQ,Blue Moon Mexican Café,23 E Palisade Ave,40.893662,-73.97408,606,3.5,07631
ve78MsETSSr4f_9yc3wmwA,Astoria Taco Factory,28-02 21st St,40.77118,-73.9272,82,4.5,11102
YI8UuwEIVbJ5cVQO7QKWbA,Homemade Taqueria,999 Columbus Ave,40.8012,-73.96119,18,4.0,10025
J6EsXebZbacSOoIjpQRocQ,Baby Brasa,173 7th Ave S,40.73595,-74.0012,973,3.5,10014
NMvGg6AwvEMUEjIF1z9Ghw,Puebla,88 Essex St,40.717988,-73.988314,34,3.5,10002
DHFEpeJXemrdxIuGGcyurg,De Mole,4502 48th Ave,40.7391932,-73.9202624,658,4.0,11377
wTCR-EUTLX4UoPUPdxWVJg,Blend,47-04 Vernon Blvd,40.745501252327045,-73.9534122021161,966,4.0,11101
FhPAf4w6t0KsujSQBHH_-w,Taqueria Casa Imelda,82 S 4th St,40.712405,-73.964871,33,4.5,11249
YKfj-CUjgb9xQ1kN_bhNLg,Forget Me Not,138 Division St,40.714498871349,-73.9915559401866,207,4.0,10002
jQjQHNAM8xXB73kFkfg9kA,Tacos Cholula,25 Ave A,40.72301,-73.98605,161,4.5,10009
J7hRmPAGnOcd2OJsN_eV9g,El Mariachi Restaurant,6712 Roosevelt Ave,40.7460442,-73.8978364,58,4.0,11377
b_3yI7FXcIle71lD9Tulww,Guajillo,2277 1st Ave,40.7967861606349,-73.934840150695,57,4.5,10035
IBgjj5VBu5JJvKgo9EzKrg,The Three Monkeys,236 W 54th St,40.764164,-73.98306,1328,4.0,10019
z_emTJ2d3kDEe8mz3w-KNw,Alta Calidad,552 Vanderbilt Ave,40.680141,-73.968248,253,4.0,11238
6JWyeRFhl49-CCglEPwxIQ,Birria Mania,7508 3rd Ave,40.63122207687712,-74.02808276817136,97,4.0,11209
UTTxDG-UMiYILV9QruuYjg,Mama’s Cantina,45-01 Ditmars Blvd,40.770953404988845,-73.90287409999999,6,4.0,11105
pil3w2-2REoXBwEToYZ_tQ,Bar Moga,128 W Houston St,40.72787,-74.00107,287,4.0,10012
vEMveTHn23hdT2_FhV7ctQ,Las Panteras Negras,2130 2nd Ave,40.79279,-73.9405,69,4.5,10029
7xY3vxBy7yFF5dVAi-6hPQ,Pipo's Mexican Restaurant,166 E 118th St,40.7994318892483,-73.9398034173906,74,4.0,10035
5fUY5sq00VMPdb1SDJWBug,New Mexico Place,189 Graham Ave,40.70851,-73.94356,214,3.5,11206
iJUoxnxbCtVDMek4keHJFQ,Pokito,155 S 4th St,40.71162,-73.96184,145,4.5,11211
OsnvNfvVnpjnFklon1s-vg,La Chula,137 E 116th St,40.79882,-73.94168,237,4.0,10029
Uut2fBy53XdIgx1rLWdQeg,Empanada Mama L.E.S,95 Allen St,40.71873,-73.9909,905,4.0,10002
LWHHNai3yu6ovrf4Bcepjg,Birria Landia Williamsburg,495 Metropolian Ave,40.71390489837251,-73.95196261271435,216,4.5,11211
OwpRLG5SmzMn14WDvE9trQ,Taqueria Pa Los Dioses,3203 31st Ave,40.76401,-73.92234,20,4.5,11106
q__dTB3y_aMwoqhDsg8ImQ,The Great Burrito,10 Hilliard Ave,40.82605,-73.974592,240,4.0,07020
4wVaJsvTuBTXAMzkhjwccg,Overlook,225 E 44th St,40.751771,-73.972199,285,3.5,10017
mvnxV9bn53vb9kJ0DujQLQ,La Barca Cantina,Pier 81,40.76131,-74.00194,97,3.5,10036
fscHJxuHTEDmaLxKaVDeww,Little Tijuana,538 Market St,40.73171,-74.15518,300,3.5,07105
yv62UKpzZNJCPiuiwNibNg,Charro Mexicano Restaurant & Bakery,7212 Bergenline Ave,40.7976921462856,-74.0095881745219,19,4.0,07047
mykhv_-D5kREsbwCjeB1AA,Los Compadres,1224 Anderson Ave,40.83981,-73.98118,199,4.5,07024
pEvmbfy3iXKstIcHCRyVTQ,Mexico Lindo Food Truck,,40.758634981090836,-73.96786941087863,1,5.0,10022
jKaR8TTkLBAFmMIsKU786g,Pio Pio 3,1746 First Ave,40.77959,-73.947,809,4.0,10128
rrL05CECQO4sQXCc5BF90g,Mercado Little Spain,10 Hudson Yards,40.752435,-74.001475,515,3.5,10001
6CEVkAlYw9W_ZHOuNylr8w,Home Made Taqueria,517 Meeker Ave,40.720638,-73.943909,25,4.5,11222
2IrwjU67gguqLqQqZ1nFPg,Guadalupe Restaurant,597 W 207th St,40.86739,-73.92083,737,4.0,10034
36NGJ_vn81vgdSi15WyHKQ,Puerto Vallarta Restaurant,7721 John F Kennedy Blvd W,40.8032128178057,-74.0123075991869,83,3.5,07047
RemvTpxalDjSew5HwmNzUQ,The Dead Rabbit,30 Water St,40.70329,-74.01102,1829,4.0,10004
PWFK0nvJ23Xkk_B4C5Q4Aw,Factory Tamal,34 Ludlow St,40.7159773,-73.9903625,126,4.5,10002
xlv_CcDXH1hkG4Wq5mECkQ,Vamos Al Tequila,162 Franklin St,40.73079,-73.95753,321,3.5,11222
I9QQYu9c4Z7NySAAe9isoA,Casa Maya,1264 Myrtle Ave,40.69788604703111,-73.92679590207989,18,4.0,11221
r2eXF4w9e8_V3RQTTPTfKw,Eastpoint,25 Ave B,40.72228,-73.98311,90,4.0,10009
9i_HCwucmCSLFOw53BeXpw,Guac Time,599 6th Ave,40.73959,-73.99556,39,3.5,10011
Ck4qyOc_m6uxz0uC3l-NTA,El Paso Restaurante Mexicano,123 E 110th St,40.7952932513683,-73.9451895260037,43,4.0,10029
nzsInryiJhLei5cwThIrZA,Viva Birria,153 Ludlow St,40.72091,-73.98805,14,4.5,10002
529zJk9IcMZt4txd6ITTCA,Hungry Burrito,510 Morgan Ave,40.72164,-73.93835,26,4.0,11222
vj-kTW34lV2ePesZRUUy0Q,Taqueria Mariposa Rosa,55 Grove St,40.733207,-74.0035415,7,4.5,10014
0gg9v2DnXapTA6YJm3JMkQ,Cañave,4716 Broadway,40.86445,-73.9289,135,4.0,10040
qUkFTWe0D2fq63qfiXDpzg,Viva Mexico,1603 Bergenline Ave,40.762581,-74.0358765043285,34,4.5,07087
FizBsTIAJwNrImIG1mPDcg,Barn Joo,35 Union Sq W,40.73684,-73.99069,1855,4.0,10003
A8qXfx_LBI6fnOhxDmvIOA,Sabor A Mexico,1744 1st Ave,40.77953,-73.94704,159,3.5,10128
u9xVzV1OZC5pwtUgaHLM-A,El Kallejon,209 E 117th St,40.798538,-73.938805,339,4.5,10035
F76RYME8VeIIJDkVCOe0rg,Tequila Chito's Mexican Grill,358 W 23rd St,40.7460136413574,-74.0009002685547,237,2.5,10011
V7_IQ1ab69JilAlgrSnMXg,L Encanto D Lola,57 Lenox Ave,40.8001464434346,-73.9511863565111,283,3.5,10026
1raNn0l3I4H9PcAJce69Sw,Sojourn,244 E 79th St,40.77343,-73.95568,704,4.0,10075
XsElXaLxUPKquI78poB8yw,Maison Pickle,2315 Broadway,40.7870473,-73.9781361,1596,4.0,10024
IUM8v3grz9CBCmTOXk7sdA,La Tiendita Taqueria,37-06 30th Ave,40.76431789999999,-73.916479,159,4.0,11103
_ay580EYYsobmsQn185hhg,Brujos - Brooklyn Taco,333 Graham Ave,40.7143008,-73.944522,31,4.5,11211
9A2cDPA78es4Ecjd6VFZcA,Nenes Deli Taqueria,14 Starr St,40.70018,-73.92781,159,4.5,11237
_URXTaYBbd2XX5qJbDkKAg,Tacos Morelos,183 Bedford Ave,40.717799,-73.957446,100,4.0,11222
zGtR4FNGDD1EjdxIzKF-HA,Pio Pio 6,702 Amsterdam Ave,40.793007,-73.971535,808,3.5,10025
JMSWqPJRkRJ0psgZColZ3g,Agave,688 Columbus Ave,40.79131894783672,-73.96882200427386,27,3.0,10025
x4W0rufd01dP8ieMhlTqmQ,Dos Toros Taqueria,668 6th Ave,40.7413,-73.99359,69,3.5,10010
ISxL2HWJNCazHAdy5oblJA,Coney Shack,100 Pearl St,40.76140851579951,-73.98063545283277,305,4.5,10004
np3418w9nDNUZLaMTONHFg,Dirty Taco GCT,89 E 42nd St,40.75239,-73.97787,20,4.5,10017
t7xqAMBQNH4ppsPSOMzFyg,Treadwell Park,1125 1st Ave,40.7614,-73.9609,532,4.0,10065
61XtmtiMHNPnu7Qw5DxYzQ,La Frontera Mexicana,497 E138th St,40.8079899,-73.91952,4,4.0,10454
zBORlLYwMqqJ_GOX6K31mw,Pedro's Mexican Bar & Restaurant,73 Jay St,40.702523,-73.986503,535,2.5,11201
C-8mGN7lt5rIraO5n-15ug,The Smith,956 2nd Ave,40.755165,-73.967868,3072,4.0,10022
bwvd5ZwBTXdpCwJktU-P8g,Sabor A Veracruz,6415 Bergenline Ave,40.79295,-74.01361,177,4.0,07093
9MWmRzKbw6-OR8O1fYa2fw,Tacos El Bronco,37th St & 5th Ave,40.65237,-74.00274,201,4.5,11232
UmFhqdkv1cgUifxSP5KN9Q,El Mole Poblano,4316 New York Ave,40.77794,-74.02301,13,3.5,07087
DJZb-eI1qBBKLCveUwUUSw,Tacos y Quesadillas,1 Lincoln Center Plz,40.77107203303935,-73.9818828294465,1,5.0,10023
Fp2QuKOu_zCjOxbyCLfnjw,El Rey Restaurant,25-21 Astoria Blvd,40.77137,-73.92198,84,3.5,11102
hxJxybl8V752Uz9r50I41g,Taqueria Al Pastor,119 Court St,40.69042,-73.99176,71,4.5,11201
mWS4umRg2AyykyAClMrIRw,The Penrose,1590 2nd Ave,40.775427,-73.953115,1417,4.0,10028
Xak3sB5LkJgjgYYf6_hQLA,Casa Taqueria,40 Gold St,40.70875,-74.00583,94,4.0,10038
gvMYV5E3HyzhN_MYFIMGzg,El Born,651 Manhattan Ave,40.7243479163883,-73.9512226101037,403,4.5,11222
9ZTyAKZI0cpCbmTYZgNjAA,Santa Clarita,237 Willis Ave,40.809496,-73.922842,25,4.5,10454
HqI1ROCmZa2THlBxT9nyrA,Las Palmas Restaurant,3891 Broadway,40.8377037,-73.9425248,190,4.0,10032
2PtfXynpdnJ2d4HwzZTLEA,The Mictlan,137 48th St,40.779578,-74.017654,4,4.0,07087
oLp2RDF7UgS_mjnikme5Gg,Torta Truck,31st St & Bergenline Ave,40.77162,-74.02957,30,4.5,07087
SH3ZyDP30_WTsU4gXaAgHw,Tortazo,1441 Broadway,40.754987,-73.987176,10,4.0,10018
mhKehfFER2faDSsWzynklQ,Skinny’s Cantina On the Hudson,701 W 133rd St,40.8203,-73.95896,88,3.0,10027
zKHwwoB7h44xoEYoZ_oyDg,La Casita Mexicana,6236 Forest Ave,40.7124731442202,-73.906003152248,67,4.5,11385
1ux5rxwWjKxoXHUyGynwSg,Purepecha,213 Smith St,40.68454335716857,-73.99182679347962,84,4.5,11201
ox36ejKIJqE0lALCiZu0IA,El Patron,194-01 Northern Blvd,40.7581599,-73.78747,758,3.5,11358
KX7-L2PTl_ZM1ufx2tVVVA,Taqueria Mexicana,7024 Bergenline Ave,40.7965563,-74.0103249,71,3.0,07047
vpWPgusmUD0cYNKf0uEQIw,Cemitas El Tigre,45-14 48th Ave,40.7391913,-73.9198491,272,4.5,11377
w1TO4XzCVh-wESRRGQiiRw,Martha's Cocina Mexicana,338 Franklin Ave,40.68753,-73.95709,24,4.5,11238
TlrkRdpXjSG-4RdabVD_PQ,Azteca Taqueria Restaurant,1313 Summit Ave,40.7624358046918,-74.041139075534,13,4.0,07087
csqCqu6G8pUIoyuwsFnkxQ,Taqueria Santa Fe ,2248 1st Ave,40.79561,-73.93548,15,4.5,10029
MuQC1DiJl6yz1j_qfIBvCQ,IXTA Cocina Mexicana + Mezcal Bar,299 Bowery,40.724428,-73.992123,30,3.5,10003
iVkmxelFstmARvMbrVhlIQ,Viva Toro,987 Grand St,40.713503,-73.935366,83,3.5,11211
NcHnZbq06y9llCt6ayf_Jw,Sweet Chick,46-42 Vernon Blvd,40.74578,-73.95339,411,4.0,11101
TV_rsstsxdcFh_YmaSSv_g,Jalisco Tacos,214 St Anns Ave,40.80622,-73.91748,20,4.5,10454
cRmRAl5HHJcysKBSrHivHA,Lamano Chelsea,265 W 20th St,40.7433797337789,-73.9994259551167,120,4.0,10011
xeICCQ8llekCiKRfuSiVjA,Las Margaritas,45-17 28th Ave,40.76349,-73.90893,3,5.0,11103
KUai8GdkU-Oc2DjlRzy1dQ,Tacos Rosita,4-99 44th Dr,40.74984,-73.9553,5,4.0,11101
iUsk8CPoDyoBmwVdU1_9QQ,Sidewalk Tacos,Bleecker & Thompson,40.7284088,-73.9996719,34,4.0,10012
4YeKYQoZHCx2xkbjmNhMbA,Burger One,1150 Lexington Ave,40.7752780616283,-73.9587344974279,210,4.0,10075
OICgilPNwolv00z7d1Y37w,Charritos Midtown,518 Washington St,40.74287,-74.02957,187,3.0,07030
4zBGXDXg9DzK0IROwCUeFg,Cowgirl Seahorse,259 Front St,40.708202066794655,-74.00046681382616,655,3.5,10038
jKUF-ts0Et40ri33NDiMDw,Tacos Lokos 4ever,647 Grand St,40.71159,-73.946425,23,4.0,11211
EHINHIbLklEUShuANKjGgw,Tomiño Taberna Gallega,192 Grand St,40.7192978908919,-73.9969160361937,395,4.5,10013
nuRIrOeApLzM2_Kedx-KEA,Antojitos Puebla,5615 Hudson Ave,40.7852725106119,-74.0142796933651,2,5.0,07093
x8UoT9ODOMcpLdYh__sXjg,Esquina Tequila,40-01 Northern Blvd,40.75285,-73.92371,55,3.5,11101
cCesIqo-LQt0cRlZAnrAZQ,Friedman's,132 W 31st St,40.74839,-73.99062,2816,4.0,10001
NqwwyMMXIS-JnwdDQBQT9A,Bazár Tapas Bar & Restaurant,31 W 26th St,40.744449,-73.990068,726,4.0,10010
1-QgkACd4atRtc4AOGWz_Q,Tacos Y Jugos Genesis,7804 Woodside Ave,40.7435971734647,-73.8868284970522,150,4.0,11373
UNX40pcYuNtbAUFE84dgFw,Jams,1414 6th Ave,40.764741,-73.9765169803648,394,3.5,10019
26E3j9l0XW_onVIUP-ThCw,Heidi's House By The Side Of The Road,308 E 78th St,40.772189,-73.955029,652,4.5,10075
9BzRiWO6PSdR-l3dzCm3VA,Buceo 95,201 W 95th St,40.793613,-73.971112,475,4.0,10025
B55Ocx5RBWxo6AGSucYSIA,Ilili,236 5th Ave,40.74435,-73.98778,2669,4.0,10001
tJHmKLn1lWpaPuZTZrDgsA,Havana NY,58 W 38th St,40.75189,-73.98517,356,4.0,10018
h_ITJux-MF0YcmZx8KRHtA,Taco Edition,800 Grand St,40.71178928000974,-73.94136376993829,111,4.0,11211
0tzK7l-DWDpG5UrYKL_mxw,St James Deli,34-02 34th Ave,40.75843584113,-73.9247259526577,135,4.5,11106
6a1AeJB9XYKbneoMWcCzfQ,Claudia's,39 Bushwick Ave,40.71354,-73.9413,188,4.5,11211
VJyV-w2BBGTpMOBEzqvfNg,Frida's Favorites,476 5th Ave,40.753204,-73.982269,2,4.0,10018
uoT2_Wrt1noD6kZOID7tUg,Jane Restaurant,100 W Houston St,40.7273779,-74.00025,3476,4.0,10012
15pcxijuNY8BMNzBhABt7w,Miss Lily's 7A Cafe,109 Avenue A,40.726019,-73.9837551,868,4.0,10009
8zDdTqBIxXNcEFY63C8rWQ,Seamore's  Market Bar,152 W 52nd St,40.762577,-73.981442,21,4.5,10019
NwsJoefGn_TXHIOp4qjK0g,Uno Mas,37-35 Vernon Blvd,40.75966,-73.94356,7,4.5,11101
g4NwsmgkpdEMRvUmLzVLVA,Victoria's Mexican - American Grill,201 Main St,40.8518846527181,-74.0412875711639,176,4.5,07643
VLGmFHE4s0Sfu0piMVQa1Q,Hold Fast Kitchen & Spirits,364 W 46th St,40.76064,-73.99023,569,4.5,10036
sbdRT4UyIYTFrXfCKraAhQ,Vera Cruz,195 Bedford Ave,40.717292,-73.957939,255,3.5,11211
I6optu9x0JAf8oT5lqJ8qw,The Blue Dog Cookhouse & Bar,308 W 50th St,40.76244,-73.98674,1484,4.0,10019
hyKnC3_a86vaY2iZUkygWw,El Mariachi Restaurant,3311 Broadway,40.7611304286653,-73.9233571500763,249,3.5,11106
8Lgz_cUAd4VFkLDpQ1xQ8w,Calaveras Corner,936 Amsterdam Ave,40.800694,-73.965824,18,4.0,10025
n9NAUB6ivkk45bUz3nm2AA,Grito Mexican Grill,1555 Saint Nicholas Ave,40.85355,-73.93087,213,4.0,10040
Y8ZCMr7vNMspTjEi6VWgxA,Taco Mahal,653 9th Ave,40.76091684980952,-73.9912468,92,4.0,10036
zb45GcwBARV0DndrwAr-9A,Riviera Maya Mexican Cuisine,252 E Fort Lee Rd,40.8725881057144,-74.0205895900726,318,4.0,07603
0cgtOfYGHv3stIZb7C9wHQ,La Perla Mexicana,281 E 149th St,40.81739,-73.9221,48,4.0,10451
ND2PgVHYAF4IdaV6Zse5hQ,Taqueria al Pastor,128 Wyckoff Ave,40.703326,-73.918029,154,4.5,11237
P0mdWVHjsKMDF3NKeR0Weg,La Fortaleza -Carlstadt,335 Paterson Plank Rd,40.83033616424823,-74.08366475254297,186,3.0,07072
wtIXeqJPqiN9ZtHd8R04oQ,Arcos De Puebla,255 A Buswick ave,40.70720333,-73.93948667,14,5.0,11206
zHzJpwW7fFbkiaS9rIwsFg,Manhattan Tacos Juqilita,310 Madison Ave,40.7508609269219,-73.9806317165494,2,5.0,10037
95a04LtXLX6gePhPEwff9A,Amaranto Mexican Restaurant,887 Hart St,40.703111,-73.921892,392,4.5,11237
GauXFEjAMUY1cy-Hr3aWuA,Mezcal Kitchen JC,665-A Newark Ave,40.73428,-74.0591,148,4.0,07306
ZEQgCciYUXoSOInAGiDfDA,Mexican Fiesta,44 Drive Jackson Ave,40.747099,-73.942183,4,5.0,11101
H-EZ1g_3M8oNHctGjnddwQ,Taqueria Viva Mexico Kitchen Cafe,133 Morris St,40.7139,-74.04029,375,4.0,07302
zupIzmhdcH0U6vJQQxDBiQ,Bar Bruno,520 Henry St,40.6833674,-73.9997959,307,4.0,11231
La0m0JQirzld8XSyyf37tg,Barcelona Bar,923 8th Ave,40.765356,-73.984113,464,4.0,10019
8Cv7q5bIKJG06Gw6Y2WYDw,Mexiterranean Grill,1365 1st Ave,40.768832,-73.955591,20,3.0,10021
zwi1iX5X6fCWCKl3wt75fA,La Barbona,139 W 10th St,40.7348019839623,-74.0007938817143,7,2.5,10014
yywIzZlBOAWHCeKqMcB7Gw,Factory Tamal,63 E 4th St,40.72686,-73.99075,16,4.5,10003
wO9FMvtYqsJoYrnHDASE0A,Don Pancho Villa Restaurant,189 Borinquen Pl,40.7109108,-73.9528503,355,3.5,11211
nDXvWPUWKsITVaRtNCIDew,Flying Burritos,165 W 4th St,40.7322235107422,-74.0013046264648,2,2.5,10011
evJqF34WN9Bz73j99vDTCQ,Azteca Restaurante Mexican Cuisine,15 Park Ave,40.8279655,-74.1017663,284,4.0,07070
2ewrI499NSsA1sNX30K5Dg,Lunera Latin Fusion Restaurant Bar,3225 Steinway St,40.7582236,-73.9194022,142,4.0,11103
4sNPRRefpFQl-fE_aU5XaA,Refried Beans Mexican Grill,591 Fort Washington Ave,40.8549599636967,-73.9370997259323,313,3.5,10033
i34wlziIjT8lHgUN1o0ToQ,The Shakespeare,24 E 39th St,40.7506062,-73.9801755,383,4.0,10016
yx_VkPE7FRV_Hk8ay9WPgA,Common Ground,63 Gansevoort St,40.7395,-74.00726,204,3.0,10014
7PeLcW2CTzsv4c2l02B6Zg,Takumi Taco,97 W 32nd St,40.748489,-73.988328,13,4.0,10001
JXcYD52B4190gIh6_RSXCg,Lilly's Craft and Kitchen,675 9th Ave,40.76138,-73.99071,1373,4.0,10036
s-IzpDx-sFdo-3DMN1SlsQ,Mas Tortilla,113-27B Queens Blvd,40.71744,-73.83478,54,4.5,11375
8uuMkezIN1c8zGEWkaMRqg,Los Tacos No. 1,136 Church St,40.714282,-74.008675,371,4.5,10007
Y39SdfmS0Z_GepcFnFqlMA,Eva's x Cinco de Mayo,113 E 31st St,40.745068,-73.981859,273,4.0,10016
bEloKDe-QVkwakAwmFKbbA,Frying Pan,207 12th Avenue,40.7521174043978,-74.0090024471283,1618,4.0,10001
-a5EfIQzUrb1pnMQpsvslw,Lolita's Mexican Cantina - North Bergen,8809 River Rd,40.80402,-73.99376,592,3.5,07047
Tt9Mkrgd5Zj_ZJEeU0L7Gg,Bocado Cafe,1293 Lexington Ave,40.7802514169278,-73.9549089244757,547,3.5,10128
8NVN6Nldm7AGoGaABBZMRw,Izakaya NoMad,13 W 26th St,40.74409,-73.98945,725,4.0,10010
GlDkm0Pd0Oe_uurhlKM1XQ,Chirp,369 W 34th St,40.75339,-73.99591,194,4.5,10001
M6XZ8IIOGmBfh79vk79Eqw,Tacombi,242 Metropolitan Ave,40.714826088301294,-73.95944510183506,135,4.0,11211
Cn0aZzeIrulN6N4OF7eMdQ,Arriba Arriba Sunnyside,40-15 Queens Blvd,40.74413,-73.92352,247,3.5,11104
6eihmCzFJvolelWSW7-VPQ,La Esquina Del Camaron Mexicano,80-02 Roosevelt Ave,40.747291587088625,-73.886111,79,4.5,11372
oNYP0AFOSw_oZEHkF_f0kQ,Cemitas Puebla,520 24th St,40.7681059022073,-74.033584,195,4.0,07087
TleAd45T6-9TP7FBO19dww,TRI Mexican Tacos,20th St & Broadway,40.73918,-73.98977,10,4.5,10003
rNldYbdOcJRGmLgD29ZELA,Don Panchito,,40.7154074225537,-73.9603268362965,65,4.0,11211
8Gg_SoA5TA7pLNB-xuPhPw,Mexikosher,100 W 83rd St,40.78458,-73.97393,87,3.5,10024
Lq9HxEUrkceCUDut00qlHQ,El Kucho Mexican Restaurant,141 Wilson Ave,40.70073,-73.92551,215,4.0,11237
KyOtOluTH8c8SICpf85thg,Mesa Azteca,91 Wyckoff Ave,40.70506,-73.92022,298,4.0,11237
hzMrUEgGn9L-hHJEin-New,DC Villanueva,953 Columbus Ave,40.7996432,-73.9621925,6,5.0,10025
WI9HAeZ5BB1KvEz0mt1ivg,Taco Intenso,7410 Broadway Ave,40.796123,-74.003279,74,4.5,07047
_uln4MCsceNH4dCQNoALNQ,Arepas Cafe,3307 36th Ave,40.755835,-73.927691,974,4.0,11106
difsr3Yw5VVY0FyIu6Un4g,The Garret Nolita,349 Broome St,40.719724744789,-73.9950288411429,29,3.5,10013
hdBhZcdZGHkTESrldAObJg,La Morada,308 Willis Ave,40.810552,-73.92142,176,4.5,10454
D4vcEbaq1DjFG6FVk26ReQ,La Amistad Pizzeria & Grill,2067 2nd Ave,40.79098,-73.94241,24,4.5,10029
buZ1-T3rdV_1d5gHreJD6w,Sullivan Taqueria,71 Sullivan St,40.72447,-74.0039,24,4.5,10012
tgPPzyvBwq0B0jlCkFortA,La Esquina Chapina,39 Broad Ave,40.8434295654297,-74.0014114379883,19,4.0,07650
nHMDOIX32dGbfpuNUwsLNQ,AlMar,111 Front St,40.702662,-73.989177,491,4.0,11201
BgZHn_QmfcIdA527VnN_qQ,Arepitas,434 Lafayette St,40.7297209600858,-73.9902131916715,8,4.5,10003
8gZh_1Y2qwXS3x4M5-38uw,Cantina Taqueria & Tequila Bar,2099 Frederick Douglass Blvd,40.80279,-73.95696,18,3.0,10026
6403iqg-_a-sdg-DrKEfhw,Birria-Landia,Roosevelt Ave & 78th St,40.747258,-73.887784,504,4.5,11372
veeKjzzHsO9e4wKLxpuhtQ,El Rey Del Taco Truck,33-01 30th Ave,40.76622,-73.91933,502,4.0,11103
gxgrx8SLHBDyyyjLgJUtWg,"Cafe Tola, New York City",124 MacDougal St,40.72998,-74.00039,8,5.0,10012
6VRIJ7fHe35-baWzkgZCUg,Tarachi,222 Greene Ave,40.686982664018736,-73.9621802,39,4.5,11238
YePElOxpcDkI18jk7dyipA,AVO TACO,212-97 26th Ave,40.77865651225938,-73.77673807726373,60,3.5,11360
ZKUsI4jtthwp5kFjGm_5KQ,La Catrina Mexican Bistro,3803 10th Ave,40.862440586635586,-73.92034761801882,11,4.5,10034
TPN2at7fMDHxeGYuQdQZVA,Homemade Taqueria - Maspeth,71-03 Grand Ave,40.72797,-73.89218,326,4.0,11378
RvSEZkqi-fQ2k2mIARZhOw,Agave Restaurante,4317 Bergenline Ave,40.7786782042052,-74.0242675691843,16,4.0,07087
h5WkewI6U7NjLB_n6WgdvQ,HandCraft Kitchen & Cocktails,367 3rd Ave,40.740967,-73.981292,480,4.0,10016
exRan2_MbIQw_FO74qlmkw,Danish Gourmet Grill,721 2nd Ave,40.7478645,-73.97387216317705,22,3.5,10016
W_0AX5JL3QZnX1oQNxQGtw,Xochimilco Family Restaurant,653 Melrose Ave,40.8185645,-73.9168277,125,4.5,10455
sCNZGN2Zh1T5hht728hV5Q,Ursula BK,724 Sterling Pl,40.67274701896375,-73.9548334,107,4.5,11216
fJXCMGOhaS6rKGjoGldSSQ,Taqueria Tepango,568 Myrtle Ave,40.6937857,-73.9616331,235,4.0,11205
MTP9i2rqkZf1Tn8-ARTPNA,Guevara's,39 Clifton Pl,40.688019,-73.962881,123,4.5,11238
X6A6a8hTPd1pZFNZE80TfA,Tacos Cuautla Morelos,438 E 9th St,40.7274619080615,-73.9832050287211,139,4.0,10009
L_LbQnSB1mPpwLlrCq3vPA,Frijolito's Astoria,2517 Astoria Blvd,40.771378,-73.922429,12,5.0,11102
ysUmuTz1ncazyr6Dw1doSg,El Ranchero Taqueria,382 2nd St,40.72315501730928,-74.05044715564962,39,4.5,07302
Wm6vj0ekRAzZnaeaBEkOag,Taqueria Downtown,236 Grove St,40.716222,-74.044659,2024,4.0,07302
e80JDJkf5WdRe5GorvEcgg,San Loco,111 Ave C,40.7243318,-73.978931,23,3.5,10009
_Pz5L7DGORcaThGB4CWcfg,La Loncheria,41 Wilson Ave,40.702921,-73.929105,72,4.5,11237
4MHpSTFvsBOutamtEsezjQ,Jauja Mexican Kitchen,695 Flatbush Ave,40.656301822272866,-73.95978811165675,49,4.5,11225
rkTJsacxaZ3pU0g8AJmr0A,The Copper Still Chelsea,206 7th Ave,40.7433018973893,-73.9962961112732,101,4.0,10011
fz-d4WXR59kq42a-Lgmb7A,Aldys Restaurant,804 8th St,40.7590884,-74.0436112,19,5.0,07087
fHMJAA4zGq2XuuIB_EGUjw,Sabor a Mexico,5101 Bergenline Ave,40.7833137512207,-74.020751953125,5,5.0,07093
herb-gOpfjJGeiYWXb2liw,presto fresh mexican,429 W 125th St,40.81221,-73.95502,27,4.0,10027
wouDDTacUIBaRp8YGCFTsA,Colonie,127 Atlantic Ave,40.6909,-73.9958,655,4.0,11201
6k6PRNSLnExNes-iGcu1EA,Taqueria La Nortena,668 Manhattan Ave,40.72474,-73.95121,151,3.5,11222
UhO8ie23AxLyYhA-c8q-mg,Viva Mexico Mexican Restaurant,1474 86th St,40.61154,-74.01005,22,4.5,11228
Jom-_ISqfmOY-kuOIbp6Lw,El Mas Sabroso,501W 167th St,40.839532,-73.937564,1,5.0,10032
HqpG67tbPpOZfKfM60pWcA,Social Drink and Food,570 10th Ave,40.759178,-73.995461,93,3.5,10036
hmx8vUMYJPTbfgN8c7A5LA,El Aguila Dorada ,830 Broadway,40.6756098548753,-74.1081924349606,365,4.0,07002
pjBDqn25X3The5AhZD3glw,El Zason,491 Atlantic Ave,40.6858552,-73.98149149999999,52,4.5,11217
iw5iI-jFXnDZaeiGt4Weaw,Twisted Mexican Grill,18-33 Astoria Blvd,40.772422,-73.9264379,69,4.0,11102
Me4TxTbPPQZQopW1wOGx5g,Jack's Wife Freda,226 Lafayette St,40.7221323,-73.9975402,2297,4.0,10012
SPvW-SV2Ed7z8k-QXDUIDg,Tacos Matamoros,4508 5th Ave,40.6478187840292,-74.0076383498633,615,3.5,11220
menL_0IVFYfpuhhgvKuCsQ,Antojitos Mexicanos,511 West 181st St,40.84863,-73.93144,32,4.0,10033
o_r0-1tGDoP_HyEONWKqCw,Mojo Restaurant,70-20 Austin St,40.720588,-73.8464128,593,4.0,11375
znlol6dCKwjoXpZZwV_ZOg,Nacho Macho Taco,82 5th Ave,40.680574,-73.977879,232,4.5,11217
igZ0fMz6aCr7j03qomb-tQ,Figuritas Mexican Kitchen,887 Broadway,40.67800874168431,-74.10678905767114,15,4.5,07002
veku2cg2qaV-7MxwhOMBmg,Judge Roy Bean Public House,38 W 56th St,40.7629158108786,-73.9761248066812,855,4.5,10019
2kPGo5wA33eBJj-OzA96tQ,Bar San Miguel,307 Smith St,40.68134,-73.9938279,185,4.5,11231
AL6fZwfds_gVsKgCha4oMg,After Life,983 Flushing Ave,40.70303,-73.93338,4,4.5,11206
YMHxv6VFriKz1KevVXl0Cw,Gallow Green,542 W 27th St,40.7508871,-74.0041249,906,3.5,10001
rAKTm3QwNgrIcex6ReQC2g,Mi Rancho Restaurant,59 Main St,40.8800569,-74.044232,254,4.0,07601
ssc_D24ASVmZWIVjkKN3cg,Tacos Pepe Truck,,40.76171875047911,-73.93183109733656,3,4.5,11106
t3WXZ8U6espLzY5YQ1Ocsg,Cello Wine & Cocktail Bistro,226 E 53rd St,40.7570686,-73.9684187,209,4.0,10022
wqEPTJBbqG3QKysMxNQQCA,La Placita Oaxaquena,709 Myrtle Ave,40.69496,-73.9546,11,3.5,11205
XpgquUrYWa-URbgi-3pykg,Patacon Pisao,139 Essex St,40.720392,-73.987561,414,4.0,10002
v9u61QOTbs6RqZC1iEQtRQ,Casa Lupita,991 Broadway,40.6824438,-74.1029093,82,4.0,07002
MOwB9YYd-Ko6nVgSB-ltQw,Briciola,370 W 51st St,40.7637997047278,-73.9880919456482,982,4.0,10019
P3NfoMjBy_o2BTNNZ-5okg,Apotheke,9 Doyers St,40.71440617040858,-73.99817232132496,1513,3.5,10013
cQGW6BWU6lppWVSwlFBDgA,Cinco De Mayo,837 Washington Ave,40.8225131696248,-73.9115964114002,123,3.5,10451
KXD44wWmrGf7mzyyr0bikw,P.S. Kitchen,246 W 48th St,40.760706,-73.986627,665,4.5,10036
HrdIdeDZBTUdyEdSTPG1zg,Jack's Wife Freda,50 Carmine St,40.729826,-74.003516,958,4.0,10014
ZsCoRBQeHfdxi9qLlfH4dg,Tlaquepaque Restaurant,347 North Ave,40.914293695163074,-73.7841777,143,4.5,10801
aStZY21Qmtzm1IS8y1_81g,Móle,178 Kent Ave,40.718819,-73.963455,331,3.0,11211
YOuxIvQh4RbX14Sh98m74Q,Mister Burrito Loco,43-20 Greenpoint Ave,40.7409739,-73.921299,42,4.5,11104
ng647hYAjWC4XANaACiPXA,Taqueria Los Güeros,46 W Palisade Ave,40.894913,-73.97715,182,3.5,07631
F89nDDlYZ7wbRe8EpLCqBw,Avra 48th Street,141 E 48th St,40.755048569901554,-73.97243859999999,999,4.0,10017
oXyPSK-GWPNv4W5ARFchMg,El Trancazo,365 Fairview Ave,40.8107373,-74.0010692,18,4.0,07022
dtAGaV2JLVvljg-0LZTa_w,Cafe Xochimilco,3801 29th St,40.75442,-73.9335,11,5.0,11101
4kzfGf1O4bBP76LAo2VOjg,Tamale Cart,995 Manhattan Ave,40.733153008794524,-73.95492747010424,2,5.0,11222
hrswGldQVdR9OJRtqp0TxA,Gonzalez y Gonzalez,192 Mercer St,40.7261303289736,-73.9972339217213,569,3.5,10012
XDl93co2VJznxglYcoQvmA,Chilo's,323 Franklin Ave,40.68835,-73.95696,238,4.0,11238
22QsJuEb7zBqy6J8xDe8gw,La Brujeria,590 Grand St,40.71726,-74.06142,105,4.0,07304
SoD2H03vGI5BslMVglmJOg,Ollin Nyc,2108 2nd Ave,40.79222,-73.94105,8,4.5,10029
CqQ2Og9kf-LhlUWtODalCQ,Blue Ribbon Sushi Bar & Grill - Columbus Circle,308 W 58th St,40.7674948014194,-73.9831978922043,835,4.0,10019
mv4A3Yl90ZLONO03ksqRrg,Ix Restaurant,43 Lincoln Rd,40.6609148441096,-73.9613892462263,194,4.5,11225
B-bx4pZXrat0D25vde2bJQ,Cantina Taqueria & Tequila Bar,329 Lenox,40.8088408787201,-73.9449808870425,297,3.5,10027
oB-4zuwbICQ0BvuS5D5Mtg,Las Quesadillas,6312 Broadway,40.789624,-74.008134,21,4.5,07093
qosp2vDDXks8eMGH7p4WSQ,La Fortaleza - Garfield,361 Midland Ave,40.8770772,-74.1031888,1397,4.0,07026
OKf1e4V3HmpjzMXSlPhHcQ,Al Horno Lean Mexican Kitchen,156 E 33rd St,40.74525,-73.97937,5,3.5,10016
bGcuT4Pkpeu2AD7GnM8Bhg,Avila’s Taqueria & Restaurant,6611 Park Ave,40.79054,-74.0051206,21,4.5,07093
Z65cd3Z7JvwK8TnSVg-cfA,District Tap House,246 W 38th St,40.75409,-73.99039,869,4.0,10018
9pMhRYYgV7E9L7pzECtJKA,The Drunken Munkey - UES,338 E 92nd St,40.78098,-73.94751,1290,4.5,10128
dh3px6yeYcUUN_WkzXxj7Q,Tacos Al Suadero,87-21 Roosevelt Ave,40.7482863,-73.879015,150,3.5,11372
qBUaXlExzI85xpykKw8e6A,Panca,92 7th Ave S,40.732803940773,-74.0033517032862,433,3.5,10014
yIWKtjt9v0m7i8mKBQlsug,La Casa de Julia,64-09 Roosevelt Ave,40.74618,-73.89954,12,4.0,11377
1JjFLti5GCWSisP7Uu-mZg,The Garret Coctelería,349 Broome St,40.71962877925535,-73.99489320122247,33,3.5,10013
t0BifAhxPa9mMVOZmsQOpw,Casa Supreme,857 Ninth Ave,40.76708,-73.98655,7,3.5,10019
GuqvwAFpjjz3m3vicbJBTQ,El Rey del Taco Deli,49-06 43rd Ave,40.744433,-73.915326,51,4.0,11377
0KeuqyRSUAYLwMI-3ZAZJw,Maya Blue,146 E 44th St,40.7524506103315,-73.9743997152164,23,3.0,10174
gCwbwgUkihSjK75EpzwWHQ,San Loco,111 Stanton St,40.7210575087845,-73.987348174211,298,3.5,10002
JPOjbYV-4NG1C221UVUtiQ,Baja Mexican Cuisine,104 14th St,40.75349,-74.026384,272,3.5,07030
E3CvO6bRu8Kp0RzDgcvkig,El Malecon Restaurant II,764 Amsterdam Ave,40.795027,-73.969917,322,3.5,10025
jxPwqRmznVQv4nCkh-Uepg,Jo’s Taco,226 E 14th St,40.73258,-73.98623,1,5.0,10003
3oDDddw8eggbiEkthCRK1w,La Mexicana,61 Charlton St,40.727314,-74.0058823,3,3.5,10014
60KTvpWASee4CecRsEfXYw,Black Flamingo,168 Borinquen Pl,40.710491,-73.954136,235,4.0,11211
sGqKDtizXj3tg9jnAc9FeQ,K Rico Steakhouse,772 9th Ave,40.764345,-73.98798,698,4.5,10019
EGbZf_R9Zbu_Cl_T6M8HdA,Taqueria Los Gueros,93 NJ-17,40.8304173797697,-74.0932330043331,246,3.5,07073
ipmOYDh9snm3ZUv546MACQ,Taqueria Milear,752A Nostrand Ave,40.6729835327648,-73.9503121359905,253,4.0,11216
PnGSE8JGbMZKtdHi9go7Kg,The Milling Room,446 Columbus Ave,40.7835485472543,-73.9744088718635,546,4.0,10024
iXV4FMZPru7BB_nwN_8mVw,Maiella,4610 Center Blvd,40.7471944,-73.9566640197964,1094,4.0,11109
KCKtnYuIh9w8nWXWL11mfA,Jaguar Restaurant,1735 Lexington Ave,40.79359,-73.94512,19,3.5,10029
zFyfZXLjx0tBXMsOCnyrMQ,Crazy Tacos,350 Lawton Ave,40.82777251423442,-73.98720725253625,30,4.5,07010
ejghbDOd5ipvlvhYotdSxw,Sweet Annie's Bar & Eatery,986 2nd Ave,40.756177601640346,-73.9672357,19,4.5,10022
jHd7KHMvpI53bZyL9UGTug,Oxido,1450 Broadway,40.7547219061481,-73.9862432694773,50,3.5,10036
qXdxckyNMQ_jFz7ZFvAWXg,Dos Toros Taqueria,295 Park Ave S,40.739847,-73.986326,146,3.5,10010
ruT2owRpzDFRyA3Zc2qN8w,Guevara's,319 Kent Ave,40.713750285013965,-73.96705410027033,14,4.5,11249
TswtgsaC8VgQv0VDonFOTg,Taco Vista,140 Carder Rd,40.692755886949,-74.0145479142666,69,3.5,10004
or0Op4EDk95L0vhLwSATcQ,Montagu's Gusto,645 2nd Ave,40.74571,-73.97553,166,4.0,10016
lafWfNQ-8GKhyeDFGmqMuA,La Catrina de Luis,4108 Greenpoint Ave,40.7399129,-73.923771,4,4.0,11104
yl214H_cUd1intjVAeE1Mw,Casa Publica,594 Union Ave,40.718194,-73.9520543,160,4.0,11211
qRBNtBBHSD6yJbxfJjUAcQ,Morelos Authentic Mexican Cuisine,,40.67185,-73.97898,31,4.5,11217
FeIQnJwhsNjyOIX_uhNYXg,Ojalá Authentic Mexican,852 Fulton St,40.683382,-73.967279,98,4.5,11238
_dvEYkCch4RFtJSbxqakrQ,Mexico 2000,565 Woodward Ave,40.7068898,-73.908794,14,4.5,11385
kKRzPQD6XF5Nx3pX2R8NIw,Chinelos II,530 W 136th St,40.82033,-73.95378,84,3.5,10031
1LIptXhtDh58vAA-QPFL4w,Cask,167 E 33rd St,40.745414,-73.979004,1461,4.0,10016
d3K991j7EMNYsmXEXwXBzQ,Ridgewood Taco Factory,66-89 Forest Ave,40.70478087614066,-73.90178347022413,8,5.0,11385
FnRDmXgQ291zkRb63Rjb9w,Mi Pueblito,412 Kearny Ave,40.7652839160058,-74.1477151492868,247,4.0,07032
6NBXf3fOJYL365PoaD2qAA,Manjares Mexico,4408 Broadway,40.7572483,-73.9155682,23,4.0,11103
37UBDZl-wH6UBRVjAif_pw,Blue Tijuana,15-24 College Point Blvd,40.783534,-73.846121,106,4.0,11356
RlkuxJFECg9F4PZ0l6PLNg,My Mexico 2Go,731 32nd St,40.7742564040833,-74.03113623316948,26,4.5,07087
UwZtUMsxS-mwWpeZnrO49g,Chinantla,657 Myrtle Ave,40.69464,-73.95747,122,4.0,11205
U84nYcclkx_LS0kQkCUB9g,The Breakers,307 Meeker Ave,40.717535,-73.948872,62,4.0,11211
nC9FlWwB5ukca5BwYllQYw,Tulcimexico Restaurant,2798 Frederick Douglass Blvd,40.825097588068,-73.9400857686996,44,4.0,10039
ooPNadvyhlg7EDe0qXzYpw,Avocaderia,269 11th Ave,40.7518801,-74.005134,42,3.5,10001
qTWujv2b2ZuxJPiZFsqbFQ,El Molcajete,1506-08 Westchester Ave,40.8283148,-73.8796477,27,3.5,10472
twHJyFgUSd7wzioKQjE7Jw,Galli,45 Mercer St,40.72161,-74.00127,1039,4.0,10013
IxE4JA1oiCIuZ3cefYJBSg,Flacoz Tacoz,441 3rd Ave,40.74341,-73.97941,8,2.5,10016
210LxcDl5dXlYOMlIUmEFQ,Lips - New York,227 E 56th St,40.75923,-73.96691,767,4.0,10022
JpEENiSNl3MzAQN1FyKPdw,Los Girasoles Restaurant,2613 Webster Ave,40.86304,-73.88982,25,4.5,10458
5IR02V3Bbkcbs14yfKNDTQ,Taqueria San Pedro,3662 Broadway,40.8303299,-73.94728,139,3.5,10031
1Zc5q6qrWV4qepRulrpfJA,El Aguila Dorada,412 Broadway,40.66099,-74.12036,95,4.0,07002
TKHF0Q_ocBDtUiYv1nFUZQ,ploo,601 W 26th St,40.75154,-74.00685,5,5.0,10001
g7cNGvsbZtFK0z0TZmXHgw,El Coco,828 9th Ave,40.76622450999089,-73.98678530000001,41,3.5,10019
-nDguLGH07wnUx2kFGCFTQ,Taco Azul,14-09 150th St,40.78851363317646,-73.8134864,251,4.0,11357
sBP8072dTkHDHyS8MTaZcQ,Coatzingo Restaurant,79-11 Roosevelt Ave,40.74759,-73.88623,61,4.0,11372
jfNc9_Of6ojLl4DVG9QKCw,San Pedro Inn,320 Van Brunt St,40.67908,-74.01106,42,4.0,11231
jW22gmsZjh5hFJsC1qUDOA,The Baroness Bar Burgers + Beer,47-18 Vernon Blvd,40.74496,-73.95362,480,4.0,11101
ox1Q1niAxCRRigUuDybtAw,Planet Taco,705 9th Ave,40.76253,-73.98987,39,4.0,10019
0yMlU3xbdawYFXmjNc0dhw,The Harrow New York,720 10th Ave,40.76419,-73.99182,268,4.5,10019
cQWUPxESnMx69dshABS_rg,Taquitos Mexico,6720 14th Ave,40.623125,-74.00117,232,4.0,11219
HfVMTVjgxumjFpUF_T8mqg,Taqueria Sofia,187 Suydam,40.7000869,-73.9257427,124,4.0,11221
e4ZSziGRyYn17eK5svAs9g,TACO DRIVE,195 Newark Ave,40.72131471730634,-74.0459879,16,4.5,07302
Zabkjf2HIT-ZAPmgMF3Lvw,Jack's Wife Freda,116 8th Ave,40.74091,-74.00146,334,4.0,10011
jSPjrnWeKIbWcDTzxnchyg,Pedacito De Mexico II,47-11 47 Ave,40.74123,-73.91756,1,5.0,11377
ddKmJRZ3D1iS-gbZq03OWQ,Friedmans,228 W 47th St,40.759682795270116,-73.98635286998487,723,4.0,10036
kawmpvfSzhDAy9pk8n3MxQ,The Haab,4722 48th Ave,40.740273,-73.917675,198,4.0,11377
wjz2lLfX413dmiAlkcGbpQ,Panela,36-42 Newark St,40.736805,-74.029445,31,4.0,07030
MXFpIm83i31bXIo8YqrK-w,La Adelita of Woodside,5321 Roosevelt Ave,40.7449,-73.910762,15,4.0,11377
mceXTFWeqg6PhDwVsMsoyQ,Burrito Blvd,36-20 30th Ave,40.764495,-73.91686899999999,10,4.5,11103
8gmRUYZIcfmWl0pFB60tpA,Tacos El Vagabundo,41st St Queens Blvd,40.743616803586285,-73.92341027976228,94,4.5,11104
fJ3ZFenkdAFJlAD_NkBocA,INTI Peruvian Restaurant,820 10th Ave,40.767509,-73.989576,385,4.0,10019
vMTTFjgFKKua4VuAFX393g,Antojitos Mexicanos,107 Graham Ave,40.705406,-73.943206,48,3.5,11206
_2aXZ9o3Yl_coNw9-IdqMQ,Mi Ranchito,1468 St Nicholas Ave,40.85081,-73.93243,65,4.0,10033
qmSBFiAikpyUO3JA8ez1Ow,El Loco Burrito,345 Graham Ave,40.7147469,-73.9445868,197,3.0,11211
Cfl0OoiP6WF5Wuzywpxmfg,Hay Salsa,241 Bowery,40.722502,-73.992786,2,4.0,10002
jYhbUh1TV7SCfPxjIhVpcg,Baar Baar,13 E 1st St,40.7244378855031,-73.9915524,1173,4.0,10003
m7n9yZ6VZeRknKuLqb38ug,Nenes Taqueria,660 Degraw St,40.67848622559851,-73.98192187256045,33,4.5,11217
nY7jGZGMR7XA95t2uey2hA,Viva Margarita,790 Anderson Ave,40.831766,-73.984637,242,3.0,07010
lhEzTykkqFz92Vq2uILtyw,The Wren,344 Bowery,40.7263350655,-73.9920476876,609,4.0,10012
cFB3Mfsqrg69Vi9WO7bTmA,Carniceria,396 Hooper St,40.7100952311239,-73.9520365428969,5,5.0,11211
Ai2mbsb0cYZoMWC3DAAP3Q,B'klyn Burro,922 Fulton St,40.6827188,-73.9640973,146,4.0,11238
D37laxSajXqhhsaCYo4WSw,Taqueria Emilio,563 W 207th St,40.8662220265057,-73.9201356056336,96,4.5,10034
bNPYPLuCjnRvRuL56otJiw,Don Tequila Urban Cantina,83-38 Woodhaven Blvd,40.7022312,-73.8557038083673,395,4.0,11385
x4sWitN7jNcfF4rUOTtHzg,Taco Hut,1884 Park Ave,40.80727,-73.93773,4,4.5,10035
-7mvJpV-gmOCT0HFNOhMNA,The Brothers Cafe,3949 43rd Ave,40.74567482683102,-73.92403174662736,123,4.5,11104
dYm7DXMy1r8kCmKiz1MO8w,Crave Fishbar,945 2nd Ave,40.755136,-73.968683,835,4.0,10022
BRqPr7YpcQCu23e5i__Frw,Orale Tacos,23-23 30th Ave,40.7689108,-73.9256464,82,4.0,11102
MRF4bNFPAyHe2rMS1yZobg,El Toro Mexican Grill,69 New St,40.705648,-74.012401,122,3.0,10004
g5xFiAuPcnPjGr4Vur50qg,Tortilleria Xochitl,5409 Palisade Ave,40.7845254586042,-74.0169657693115,6,4.0,07093
vQcK7BH6maW9dAZWJOuW3Q,The Mermaid Inn,570 Amsterdam Ave,40.7887398925594,-73.9744491607132,1295,4.0,10024
XghOzJn16M-nvaKMOdC5og,Verlaine,110 Rivington St,40.720079,-73.987785,1496,4.0,10002
7nuI4icg8t2NOgXJWyTWcQ,Kandela NYC,150-03 Cross Bay Blvd,40.66998,-73.84235,258,3.5,11417
S-BwjmHOZ--bC4nUR4-cmA,Oceana,120 W 49th St,40.7597971248568,-73.9825657859833,620,4.0,10020
kMxXLrASxsbmS-ZzAaBe-A,Molly's,287 3rd Ave,40.73825,-73.98321,568,4.0,10010
kLxfxcs8DPVjeOt9jvPwrw,Doris,1088 Fulton St,40.68121,-73.957436,104,4.0,11238
W4hobe10Fy54MKqmLaObEg,Cafe Mogador,101 St Marks Pl,40.727258767439,-73.9845085144043,2098,4.0,10009
34LM8_lP8iwizHBu6YgaQQ,El Jeffe,1483 Fulton St,40.6801601,-73.9419752,308,4.5,11216
xNgaGyePJ7fyZ9D0J74-3A,East LA,508 Washington St,40.74258,-74.02966,488,3.0,07030
KYeQP8QXqhHB3Dp2Cd4mwA,La Palapa Tacos Gotham,600 11th Ave,40.762383005990785,-73.99690104480648,8,3.0,10036
4xV6yKiepRCHwhYcka-zPg,Quezada Tacos,501 W 145th St,40.825559,-73.94784281922392,4,4.0,10031
XYFz4U22qRt9IkBiVisFbQ,Disco Tacos,80 North 6th St,40.718889,-73.961371,19,3.5,11249
g3FOPlO-Gp0J4HfjurW74Q,Saravá - The Modern Bistro,6819 Third Ave,40.63589,-74.02582,231,4.5,11220
ZVtui4cnUs7iXRJMDD1GwA,El Rey Del Taco,3217 Bergenline Ave,40.7725668,-74.0291146,57,4.0,07087
UF9F0A4e7AJHzNPG5zrHUQ,The Beast Next Door,42-51 27th St,40.74881,-73.94073,250,4.5,11101
UjeJDxJck9smcLCj8Upi5g,Un Pedacito De Mexico,,40.731802292490286,-73.98911169129214,1,4.0,10003
QjMeljDv9TH5BWzsDfwLVw,Flor de Azalea Cafe,902 34th Ave,40.7650992,-73.9394082,61,4.5,11106
sDajjybHSYFw8gTVbknPGA,Jack Doyle's Bar & Restaurant,240 W 35th St,40.752132,-73.991852,368,4.0,10001
s33HF6gGTWo3D7QxBMv9ow,Cowgirl,519 Hudson St,40.733805,-74.006488,652,3.5,10014
Av0BsdlotLFoEar5u1rDzg,Gueros,605 Prospect Pl,40.67521,-73.95657,639,4.0,11238
z5EpI39omxW6aK_X2uHi8A,Lobster Joint,1073 Manhattan Ave,40.7354,-73.95528,701,4.0,11222
F7-CjjtKOYxfPGJLJrjfJg,El Mexicano Restaurante & Cafe,1013 E 14th St,40.62477,-73.96213,3,4.5,11230
L65-2QsNv3y7-tu6xGLAUA,Chirping Chicken,587 9th Ave,40.7588161,-73.9926049,269,4.0,10036
h5VLolcEpu3ZUnDdjfhjSg,Papasito Mexican Grill & Agave Bar,223 Dyckman St,40.8658205,-73.9273649,476,3.0,10034
Xu8H24NxJJxEE-9wGp_AMA,The Brazen Tavern,356 W 44th St,40.7593269348145,-73.9913101196289,424,4.5,10036
96svxj2NIOrba2fBMZAqOQ,Bogota Latin Bistro,141 5th Ave,40.678165,-73.978976,2462,4.0,11217
EZ-ec_6fXPsZiDshbFMnjA,The King Of Taco,9017 31st Ave,40.7601063,-73.8779181,186,3.5,11369
5Fz1WlY3lxy8gJFs8s_1Dw,The Binc,60 Henry St,40.69925,-73.99227,88,4.5,11201
5AsVCBQoJeTomvaw-_IaUQ,La Taqueria,572 Grand St,40.7112690867,-73.9489733333,51,4.0,11211
WJIU2Cu6i6-9n-ZUE5rEQA,Sabor A Mexico Taqueria,160 1st Ave,40.7284353669,-73.9844540083,107,3.5,10009
1mynqR4fWUovyt9q1_zI9g,ERT - El Rico Tinto Restaurant,73-18 Northern Blvd,40.7546065,-73.8930553,60,4.5,11372
rACwlm7aaEdKU7ko3h-pSw,Nuchas - Times Square,47th St Broadway,40.759093,-73.985142,266,3.5,10036
Drb6I9masZDvxQUVcqE2ww,Ho' Brah a Taco Joint,8618 3rd Ave,40.623006,-74.031548,874,4.0,11209
vRYJ0y9ThNtYPuZgccayPA,Guacuco Bed-Stuy,360 Throop Ave,40.69192,-73.94289,87,4.5,11221
raqwXUBlnc0e8c7CYmxEJQ,Scarpetta,88 Madison Ave,40.744509,-73.9856,2220,4.0,10016
HMxnmbxliUkf5askOyKxaA,Viva Margarita,774 Main St,40.90364,-74.04188,45,3.5,07601
jTcXu-2gChX2uaFV4M7_eA,Agave Cocina Mexicana,32 Locust Ave,40.8507402,-74.1131509866,304,4.0,07057
EzKvmyYk-7xQZ47Me-NDwg,Taco Today,1659 1st Avenue,40.77726,-73.94932,97,3.0,10028
Y42HzF9vaLu4gT3myvzEZQ,Chili's,307 W 38th St,40.75505,-73.99216,3,5.0,10018
U7879T9bLS6DmfsgvzRHxQ,Hungry Burrito 3,1079 Manhattan Ave,40.73553,-73.9553,12,3.5,11222
xYvtCHVdzTpgpZjrZaCmCQ,Casa Nono,499 Myrtle Ave,40.69366,-73.96517,21,4.5,11205
s2CBMRYfJFu3FF6kiAsc4Q,Cruz Del Sur,622 Washington Ave,40.67987,-73.964352,53,5.0,11238
3UmRGpZsMdJx4fWCT1NxZg,Bar Dalia,33-17 31st Ave,40.76347,-73.9212253,55,4.5,11106
6Pa3-9piblDJu0l8u84Jhg,Mi Mariachi Taqueria,213 Sip Ave,40.73156,-74.06974,344,4.5,07306
q3SwWmzxZhfbVmid1LRLWg,Taqueria Maria and Ricardo,915 Cortelyou Rd,40.63906,-73.96926,100,4.5,11218
3M6CsWQ_FIAzpxnuqq_eHw,Las Margaritas Astoria Restaurant,38-01 Broadway,40.7594468,-73.9195285,277,2.5,11103
1uQJ10U7g6Erz5yZ0l_g3w,E.A.T.,1064 Madison Ave,40.77737,-73.96154,364,2.0,10028
3SGrN-62z9J-1R94ZzZdKw,Sexy Taco,2340 Adam Clayton Powell Jr Blvd,40.816941,-73.942896,34,4.0,10030
gQVXiIJxyT03Is4XeZrVbQ,El Rey Del Sabor,148 49th St,40.7566760156385,-73.9746434377878,27,3.5,10022
hOLv0a65RSb5QvFd0FrYjw,Taqueria Santa Fe,214 Stanhope St,40.700351,-73.920546,134,4.5,11237
xuUyDC9NI4R60e1DMLh45Q,El Caminante,894 DeKalb Ave,40.692536,-73.940161,3,3.5,11221
iJzOUDE0T8uDonhTKpqDCw,Plaza Ortega,140 Stanhope St,40.69815931227013,-73.9226344664632,17,5.0,11221
c9WMDOqwUnIPixtFDK4YLg,Las Sirenas Restaurant mexican restaurant,1896 Jerome Ave,40.8498441427946,-73.9107464253902,22,3.5,10453
A9acJ6XdyuvBhMRInUeD3g,"Mexican Tacos, Two Brothers",835 Broadway,40.73392,-73.99112,3,3.5,10003
YSflX6shqcP3zYno0Zz75Q,While We Were Young,183 W 10th St,40.73437,-74.00272,436,4.0,10014
rCmhjpAgxRlj1jGwjT6yGw,Tia Maria,30-90 14th St,40.7688,-73.93192,15,4.5,11102
xa9msp-5yS4bujYW2twrFg,AL Toro  Restaurant,187 Hackensack St,40.84685,-74.08334,48,4.5,07075
KhGbD1U51KKcl6frzNDa0A,Taqueria El Patron Mexican Grill,51 Lincoln Rd,40.6609280639479,-73.9614267185271,236,3.5,11225
FaebPpZ8fKuvPtMOZ_dslw,Estrellita Poblana III,2328 Arthur Ave,40.853828,-73.888672,188,4.0,10458
njV8tFM7PivgDhWng_Lb6g,Las Margaritas,7206 3rd Ave,40.6333399,-74.02719,307,4.0,11209
4KqGAtsXe7FXDRvnRQCjVA,Pioneers,138 W 29th St,40.7472374,-73.9917016,274,3.5,10001
G_zDrPTmfNCL2R1tHpEouw,The Archer,176 Newark Ave,40.721315204191,-74.045283556493,344,4.0,07302
-egltOQhAdo1kWlPSJfmvA,The Tippler,425 W 15th St,40.7423540864346,-74.0063398693085,705,4.0,10011
mpGDqwli5h03SpCnJfbbPQ,Top Taco,1774 Flatbush Ave,40.626601,-73.941478,8,4.0,11210
7OwoncdLdUlwh6JMwSz_GQ,The Top of the Standard,848 Washington St,40.740828,-74.008074,520,4.0,10014
-Td-YEPTOUq2H3LRWgRxUw,Non Solo Piada,302 W 37th St,40.75414,-73.99245,407,4.5,10018
8-boHR8m_gWYHF4XXasYbA,Tacos Mi Mexico Food Truck,1801 2nd Ave,40.782706,-73.948542,16,5.0,10128
Ii3nNOFdYoopliJ-rX6u6w,Mama Taco,5025 Broadway,40.869701,-73.916631,38,4.0,10034
hYk1RkElIG5rWI4ywbi-BA,Laly's Restaurant,75-19 Roosevelt Ave,40.7471153,-73.890229,215,4.5,11372
3LRZQolTdyps07RSoaIXpA,Poco - NYC,33 Avenue B,40.722524,-73.9829025,1933,3.5,10009
DpOhfKF92bZPqN9NPreTEg,Cocina Chente,3535 Riverdale Ave,40.88620632793199,-73.9071951348118,217,4.0,10463
urqTHFOSHtjrHOe_fmMLuQ,Mexico Restaurant,141 Market St,40.86638,-74.1171899,251,4.5,07055
uSS5cbcb_KLoXE5yzwjI6w,Gitano Island,125 Carder Rd,40.69153851083249,-74.01397807055223,74,3.5,10004
GojmCdGjUyGPxGLpoxXhvA,Sojourn Social,1708 2nd Ave,40.77949209708026,-73.95037320493091,60,4.5,10128
0LKC_M1bumyOcgWgbH9OdQ,Crave Fishbar,428 Amsterdam Ave,40.78428,-73.97772,353,4.0,10024
0Nu2kmbWnfP7GD-NZ5h3fw,Tacos Los Poblanos,5320 5th Ave,40.643196,-74.012781,47,4.5,11220
Y1dM7kSfq7PoB7NrDQFpdQ,Picante,3424 Broadway,40.8228372881426,-73.9527709564668,337,3.0,10031
RUekg91-5EwrKjmFGkIleA,Triple A 1 Restaurant,2061 2nd Ave,40.790588,-73.94281,62,3.5,10029
qGpDDZKwlkuJNL-OurWivw,Fusion HK Bar and Grill,688 10th Ave,40.76347,-73.99231,209,4.0,10019
Hopxh5FIBCwmIc7PMotaTw,Las Chilangas,766 Seneca Ave,40.701901,-73.9065683,36,5.0,11385
VCqNjupCWZ5INzOcyBMJSg,The Grey Dog - Union Square,90 University Pl,40.733828,-73.993052,1171,4.0,10003
7al7ikR4Zl-onhoDi175lA,Las Chelitas,7312 13th Ave,40.62128,-74.00662,95,4.5,11228
UKy0nNjMkOBEU3dOCH831w,Cuba Restaurant and Rum Bar,222 Thompson St,40.729084,-73.998832,1672,4.0,10012
Ly-0vKFgGSn9PsHsPEk5gw,Tio Pepe,168 W 4th St,40.732006072998,-74.0016479492188,504,3.5,10014
QH3VbBAf7MlePoaipxT4pA,Taqueria Kermes,66-36 Fresh Pond Rd,40.70785,-73.89798,442,4.0,11385
ZZSnFJU1iCjLssjJ93oMhg,Tequila Time Bar Cafe,675A Seneca Ave,40.7035095705763,-73.9080735760975,4,4.5,11385
9tlYA026rvZ0m6OBUeZX7w,La Cabana,3318 30th Ave,40.7656669616699,-73.9193115234375,42,4.0,11103
z6SKrIMATXU5JZ85D9ecuQ,El Toro Rojo Truck,,40.7720489501953,-73.9260635375977,38,4.5,11102
21E1JGzllISgUuW2AAvCRg,Tacos Sin Tequila,40-20 Queens Blvd,40.74333113207699,-73.92356975822366,2,5.0,11104
DaZ7-WpvtPkZxViVzt9pnQ,Flaming Burritos,4625 Park Ave,40.77843,-74.017,233,3.5,07087
2L20kuwaYbxza7EHbDuIYA,Tina's Cuban Cuisine,179 Madison Ave,40.74738,-73.98288,297,3.5,10016
nCH7SR7qXu0asO1GU3iqHw,The Press Lounge,653 11th Ave,40.76452,-73.99586,1170,4.0,10036
51jozhhN8ivKIc5GZhvuSw,Mi Esquina Deli,4301 31st Ave,40.76029,-73.91441,2,2.0,11103
TyyFMUZZrNydEP4pUK-qPA,Carlos & Gabbys,100 West 83rd St,40.78458,-73.97393,4,3.5,10024
gcxILajS1FP6WxzrCgefNQ,Con Sabor A Mexico,711 W 181st St,40.85052,-73.93643,31,3.5,10033
vFe8ekur1Jgq8muvWAi0LQ,Santa Ana Restaurante Y Taqueria,187 Irving Ave,40.7019462585449,-73.9190216064453,25,4.0,11237
M1AZASfo_GUin8IJ9Rf0Qg,Lola's Mexican Restaurant,2101 Flatbush Ave,40.61852257777158,-73.93198009999999,49,4.0,11234
sZPxl39jgDcxdOoES9Q7Hw,My Ranch Taqueria,134 Rt 4 E,40.88346,-73.98919,91,4.5,07631
AmwkU0MobOYBDa_YeVqnww,Mi Sabor Latino,396 Paterson Ave,40.8387207046556,-74.10046744483415,7,5.0,07073
W0sXHSSpkiMEDJiBmSLNYQ,Trestle,34-02 Broadway,40.7606154,-73.9229562,514,4.5,11106
m9zYRZFubncaWsQFIfNo5g,Loulou Petit Bistro & Speakeasy,176 8th Ave,40.742627091934104,-74.00005776653397,445,4.0,10011
4Ph-BYPqykjVj9v3jg_BwA,Viand Cafe,673 Madison Ave,40.76487,-73.9702,196,3.5,10021
wRB5UDy1rhal-14brCUc0Q,La Fonda,169 E 106th St,40.792,-73.94496,291,3.5,10029
JZ06I46tmJlvYA_NZ7zyxw,The Skylark,200 W 39th St,40.754295,-73.989,679,4.0,10018
Xd_l7jtUAZZAAvK8-mI2Jw,The Smith,1150 Broadway,40.74424,-73.98878,1302,4.0,10010
8XtfUcP_GXypdVZSJCN0tQ,Fiesta Hut,227 Park Ave,40.829967,-74.100128,133,3.5,07073
mfJaJSspapkcL2MIsNuUjw,Citrico,681 Washington Ave,40.67687633924308,-73.9634715,240,4.0,11238
LXeUqlG7z4_jZG6rXvhnzQ,Mezcal Kitchen,482 Broadway,40.66334,-74.11837,161,3.5,07002
QbV02bCYJf5NMGLYMphaxw,The Golden Cicada,195 Grand St,40.71559,-74.04256,26,4.0,07302
9BM1-Obd5Dr8pErgyBbQAQ,The Commons Chelsea,128 7th Ave,40.74102,-73.99829,238,4.0,10011
XsxnMWdMpVixA7Yyq_vq7Q,Paloma's,435 Menahan St,40.70347,-73.91213,176,4.0,11237
rBUTVjRs5CcEMe3dfVRZJQ,Ho Foods,110 E 7th St,40.72634,-73.98478,400,4.0,10009
JRiHG5F7Dc3Ce1YKBet3wA,Abajo,301 Church St,40.7191772,-74.0043869,7,3.5,10013
fEig4z0y_qCMRLvW7HRuqA,Harding's,32 E 21st St,40.7393229,-73.9887163,399,4.0,10010
nHkx9DkPdt8kY6lXWOrXzQ,The Points LES,76A Forsyth St,40.71725,-73.99329,4,5.0,10002
BXtZKlJQ1H5WQf1ewO0HFg,Aztec Soul,3372 Atlantic Ave,40.68141578367,-73.8719404061003,90,3.5,11208
wC_TUZaKEQue8mhrCTnDgQ,Lucky Louie,535 Hudson Flr Grd,40.734627670191685,-74.00635439999999,37,4.5,10014
H_KyiRhwho8rdlw_R93_0Q,Marea,240 Central Park S,40.7674213694566,-73.9810554368179,2324,4.0,10019
lic6A0SA8HS_98R03QtSaw,Her Name Was Carmen,527 Broome St,40.723751124000394,-74.00411261349183,128,3.5,10013
Zt2kurIAW-5cDw0MLWqGpg,Jc's Sidewalk Cafe,71ST And York Ave,40.7660934724109,-73.9543481976903,2,5.0,10021
vHzWvZYbkoHY_071J-lPRw,The Heights Bar & Grill,2867 Broadway,40.805180704258674,-73.96631344109186,379,3.5,10025
1sW6sFt4RAsWJR777MMF1g,Quesadillas Doña Maty,255 East 110th St,40.7934319,-73.940792,9,4.0,10029
EYzO2CoT5SppebYMxNxzyg,Vista Hermosa Mexican Grill,35 Ridgefield Ave,40.84836,-74.02645,60,4.0,07660
PW51ycDuSvh4tpuoZuhmXQ,La Fortaleza - Lodi,10 US-46 E,40.88601783892748,-74.0912362116578,48,2.5,07644
6qcydPo5eTSB4XHyyZDvkA,Bareburger - Hell's Kitchen,366 W 46th St,40.760558,-73.990357,1016,4.0,10036
xMUZfoyzyJoTfZxrEZus4Q,Mom's Kitchen & Bar,701 9th Ave,40.76247,-73.9901,1615,4.5,10019
a3O2KzK6rh8VZNq1jhz81Q,The Delancey,168 Delancey St,40.71803,-73.98528,641,3.0,10002
fmWPll4-PI4PTx_b_E_-Hw,Tri Mexican Tacos,46th St & Greenpoint Ave,40.7421913,-73.9188919,41,4.0,11104
3lLBRLbXAIgd1yZgWgnfeg,Dutch Kills,27-24 Jackson Ave,40.747615,-73.940159,842,4.0,11101
jAaVnUKLITkuhzwXIe0vLQ,Cafe Mogador,133 Wythe Ave,40.719747,-73.959993,1371,4.5,11211
G8JRGtO-S-zHbDZCmIK0gQ,Presto Fresh Cafe,559 Lenox Ave,40.81642,-73.9395,157,3.5,10037
Pw_rocMnKdZSnbGxowaJ8A,Rosa Mexicano,60 Riverside Square Mall,40.907619837251524,-74.03054666151839,479,3.0,07601
VCVCmflFEkQ0qRDQ805P2g,Xochitl Taqueria,176 Smith St,40.685748,-73.991367,29,4.0,11201
4EGq0GMAJwGIrfhVg4PxVw,Swick 2 Go,3504 35th St,40.7564825,-73.9254339,44,4.0,11106
jy6AHLVJ7cVJZ4Fl_ds3Qg,Los Tres Chiflados,1046 Flatbush Ave,40.645497,-73.958364,141,4.0,11226
R4-Y6ogPoGUkvDlRLAfOgg,Acento Latin Kitchen and Bar,33-06 Ditmars Blvd,40.7752594932846,-73.9094452481536,99,4.0,11105
gEEqoeSekTOjRVmyY4fplA,Cabana,107-10 70th Rd,40.7208678329074,-73.8456881046295,1107,4.0,11375
c2FGnIxjrX_xh8DBeSYPRA,Spanglish NYC,4004 Bell Blvd,40.764108,-73.771527,236,4.0,11361
lwdQoALcv8OguKwUahqhZg,Dario's Restaurant,20 Academy St,40.7372604310513,-74.1721954196692,223,4.5,07102
6-mj10b99EfRym72EuSp1w,Hoboken Burrito,209 4th St,40.7415499,-74.03194,61,3.5,07030
G-y2Ph8VaIVQ6RygcqOpfQ,Dos Toros Taqueria,285 Madison Ave,40.7518321782203,-73.9799775928259,16,3.5,10016
fTyE8UGWb_4Q05fd_H6YPg,Burrito Loco,166 W 4th St,40.73195,-74.00154,290,3.0,10014
fFkqEyupjc5x2iJQIPcpLw,Ruffian,125 E 7th St,40.7264,-73.98411,265,4.5,10009
6ZfVmImuKJg9lB1PF4pfPg,Taqueria Fort Greene,154 Carlton Ave,40.6930219027123,-73.9729583744799,50,3.5,11205
R1mLakJBtmK-KETUuLaGaA,Rumba Cubana,235 Pavonia Ave,40.727373308159954,-74.04381749999845,488,4.5,07302
SpQ86pQ8kXWrLxyFgFAdTg,Playita,202 Clinton St,40.71410703410859,-73.98702040314674,2,3.5,10002
Y6N7iKl4UL2pNpX4dxYYUg,Redemption NYC,1003 2nd Ave,40.756966,-73.967326,390,3.0,10022
U02ibutbgrC3uQzEq4w2ww,Guadalajara De Dia 2,566 Seneca Ave,40.704488,-73.910882,100,4.0,11385
qLh8nLAg8UZE-5Cn_ctCLw,El Tenampa,706 4th Ave,40.662425336259,-73.9963044612931,106,4.5,11232
7-0zUfXXTOXT7YuCP990Pg,Bongos,85 Orchard St,40.71796382973147,-73.9904798843376,19,4.5,10002
DZaN3bNWfwcm__sNw5bvDg,Daniel,60 E 65th St,40.7667736797858,-73.967607,1843,4.5,10065
9FTh2OLCozH4-UmCx4kpgA,White Maize,277 Smith St,40.6824378967285,-73.9931335449219,237,4.5,11231
HjffHJTq9BvZrv0NV7dUgw,El Coyote - Forest Hills,70-09 Austin St,40.721045,-73.846622,377,3.0,11375
ePdAQHh3ZlktMZ4YTLWpwg,Tacos Juquilita,28TH Street And 6th Ave,40.7460399717093,-73.9905200153589,4,4.5,10001
Uj3QA_FsDcGtn_kpsIxU1w,Taqueria & Deli Gloria's,117 Tonnelle Ave,40.7352069,-74.0671543,63,4.0,07306
JkAzvWmrs17M-Kpbj8P4yQ,Estelita Restaurant,7007 Bergenline Ave,40.79646,-74.01087,5,4.5,07047
tbyq3mdNFQrZPIuRmO0bQw,Takumi Taco,570 Lexington Ave,40.757156,-73.972604,12,3.0,10022
x0u8iYAFkcnQNarGTCV5cQ,Evelia's Tamales Restaurant,96-09 Northern Blvd,40.75724,-73.87182,11,4.5,11368
8B1XYWil3ZxAYQrW8npJiw,Bistro At The Bay,1 Flagship St,40.67024180315738,-74.10076537058868,6,4.5,07002
eBljpfHpo3m6oc5SFw-mLw,Falansai,112 Harrison Pl,40.70676,-73.92877,263,4.0,11237
nt84nQ3x-hfQYR2CT1P2IA,El Pitallito Mexican Restaurant,3854 Broadway,40.8362922817469,-73.9430563151836,27,3.5,10032
9ijkw9x8oSSSnsUo5uR4Xw,Taco Santana,301 Keap St,40.7079186820012,-73.9554587596491,168,4.0,11211
WsRkvLWhg_Wrt6BPhC1rXA,La Bienvenida Cart,47th Street & Greenpoint Ave,40.74251,-73.917863,2,5.0,11104
s3VRd36vPO4RNrm4XNQDWg,San Jose Restaurant,109 E 153rd St,40.8241674799833,-73.9279800807582,51,4.5,10451
UQZmhaPAMdZabid6ccvhTg,IL Punto Ristorante,507 9th Ave,40.75614426678582,-73.9946186,444,4.5,10018
J_Nb9O4fKYwz28gkl-Y-_Q,La Patrona Restaurant,558 Southern Blvd,40.81216619143086,-73.90307632256639,36,4.0,10455
t9zsZdwFdfrhMTj2FIwcDQ,Tacos Victoria,324 1/2 7th St,40.726542,-74.048619,69,4.0,07302
4qmx5JzhacyAsgGKLF9Qdw,Dahlia,276 Knickerbocker Ave,40.701969,-73.924402,15,4.5,11237
_3U3dNdAw-2yD67xAQbCPw,Taqueria El Patron Mexican Grill,191 5th Ave,40.6768,-73.98004,21,4.5,11215
_bu8jFlBWw3SRQ0Rh8oTLA,Domingo's at The Woods,48 S 4th St Brooklyn Ny,40.71282,-73.96666,2,5.0,11249
U8JnmnLw8WhQ3GV4zD2Yow,Don Camote,31-86 37th Street,40.76008778498142,-73.920481,7,5.0,11103
CPIzLLpuAv3c21faJAkF4A,Wholesome Organic Gourmet Market,343 2nd Ave,40.73596,-73.98254,4,5.0,10003
OBRYVNn2FRhVCCadoFepBQ,Electric Lemon,33 Hudson Yards,40.754553,-74.002057,316,3.5,10001
DeMJT9tI3sTGPva9sOHCgg,El JEFECITO NY,40TH St And 8th Ave,40.755946,-73.990758,6,4.0,10018
8bE_u507ZvrG6Ky4NAYC7w,Alta Calidad,55 Water St,40.680134,-73.968232,3,3.0,11201
72XqORJ2G4o_WdcMdXGExw,Taqueria El Patron,1612 Madison St,40.69894306943124,-73.9091145,9,4.5,11385
N_pegMIVbOqulhRWpLk2pQ,Tacos Azteca,3468 Bdwy,40.824878692627,-73.9500885009766,26,4.0,10031
No5ZnKIgG7J5jf8MyIK5GQ,ANA Bar and Eatery,20 Hudson Yards,40.75352,-74.00012,33,4.0,10001
KDse4OHKoryUA4-MUysuag,The Ready Rooftop Bar,112 E 11th St,40.73157115001156,-73.98943167557184,95,3.5,10003
VLU_pUKzdAPSr_dBAFZEfQ,Girasoles Mexican Cuisine,184-01 Jamaica Ave,40.7092895,-73.7760311,81,4.5,11423
V_5IS9PY4tjmYk95lDWfgg,Tequilas Mexican Grill,358 West 23 rd St,40.74612,-74.00083,15,3.0,10011
RI-tVET-wKFeRNKm4cg0wQ,Sylvia's Restaurant,328 Malcolm X Blvd,40.808657823618084,-73.94452409464206,2077,3.5,10027
7zjeUx9aWRGpJmiOuk45zw,The Cuban Restaurant and Bar,333 Washington St,40.74102,-74.0296,1139,4.0,07030
nkT08Tewf6TLaysiuiF8Ow,Pig n Whistle,202 W 36th St,40.7523995,-73.9901114,228,3.5,10018
DmCFHrmZAvnqHLMIJBOXKg,Blue Ruin,538 9th Ave,40.75688,-73.99343,189,3.5,10018
k6H0vzBN7BdZ9-j-bMv7LQ,Tortilla Bite & Grill,682 Broadway,40.67033,-74.112464,30,4.5,07002
LNVu-bQA_ASIcWJlClgz-Q,The Lexington Social,1634 Lexington Ave,40.79057,-73.94768,209,4.0,10029
Z3wa8EmAr0yfihPZZMLE_A,El Cabron,25A Essex St,40.715540088754075,-73.99001288834393,105,4.0,10002
nMWqlWid2YfDeutioit_0w,Bill's Bar & Burger,16 W 51st St,40.75929,-73.977534,1469,3.5,10019
60_ONUWGij1TbvDHSEcOpQ,P.J. Clarke's,44 W 63rd St,40.7713765,-73.9824758,921,3.0,10023
pMUsX9vXcHcS9KTRbFewbw,Picante Picante,156 W 231st St,40.8781,-73.903,191,4.0,10463
fbqL5ZbHa--q3seP4ZgdxA,Fat Taco Hoboken,32 Newark St,40.73679992626722,-74.02930302216558,73,3.5,07030
08r2HipnMw0AovLfXed82Q,The Mansion,1634 York Ave,40.77601,-73.94685,377,3.5,10028
DnvW3-wKaY1foT1uBz-aIg,Tortas Neza,104-58 Roosevelt Ave,40.75019,-73.85956,102,4.5,11368
I1tUH38l_TmZHy51zda0cQ,Birria LES,34 St Marks Pl,40.72873787481279,-73.98830339999999,25,4.5,10003
ijhKEf1sH2ccsLz3T6FA9A,Tacos El Tri,28TH Ave & Steinway St,40.7654772,-73.9137044,15,4.5,11103
PSWaWZ4-Y5ymN8Dm3SZ0fg,El Macho Tacqueria & Restaurant,402 Harrison Ave,40.746861,-74.155888,67,4.5,07029
mpIy_AMoY-3K5u-JFQQ1uw,Clifton City Tavern Mexican Cantina,709 Van Houten Ave,40.859746,-74.151404,403,3.5,07013
VbFYau70iG_s6UNFwYtGVQ,Xu's Public House,15 Union Square W,40.73589,-73.9917,139,4.0,10003
HiO_eEu1kwUDM30YEjoG-g,Regalo De Juquila,1209 Myrtle Ave,40.69748,-73.93168,122,3.5,11221
q6FcRtW3ZoQ-hynSCSa8Ig,Arepera Guacuco Bushwick,44 Irving Ave,40.704667,-73.924583,579,4.0,11237
xXALPj_reG2ynK23XxaYVA,Riviera Maya,28-28 Steinway St,40.76483,-73.91452,35,3.5,11103
ufBkr8JaT5rP-ndrGydasg,Frame Gourmet Eatery,552 Fashion Ave,40.75462842533793,-73.98836489577734,119,3.0,10018
ZvR85HJOsZa-CTn7rabhjw,Solid State,53-22 Roosevelt Ave,40.744532,-73.91082,81,4.5,11377
ONUgIihg-ROELPgKiWfs7A,Bushwick Taco Company,839 Knickerbocker Ave,40.692052,-73.906106,244,4.0,11207
UlGSfUiVs4V5oH9C4AHD5w,Cielito Lindo Bistro,665 Nostrand Ave,40.6745053,-73.9498836,33,4.0,11216
g7pAeomzeIQY4mCfpOyHUQ,El Nuevo Carribeno,1675 Lexington Ave,40.79157,-73.94646,105,3.5,10029
KF4dTBX9ITMTSjwEXxXZ6g,Friedman's,50 W 72nd St,40.7770249,-73.97845749999999,270,4.0,10023
6qnWAPjJ7UER4QLCtotyBw,Amor y Amargo,443 E 6th St,40.72572,-73.98428,504,4.0,10009
x2WubWdziN7qqUZehdp1PA,Pilar Cuban Eatery,397 Greene Ave,40.688087,-73.955108,385,4.0,11216
7oVldUcQGjpyRL_QE6NQDA,Taco Brasserie,3401 36th St,40.7555211987902,-73.92715486432814,1,5.0,11105
iufQFxf-g1j-5lC6GRTiog,The Migrant Kitchen - Brooklyn,55 Water St,40.70343127955398,-73.99161055480388,53,4.5,11201
xAP5LWPsd9aedbuj8vo8_Q,Pablito's Taqueria,723 5th Ave,40.660156,-73.994186,78,4.0,11215
6lUAvciN0rwYUvhssqw57g,La Churreria,284 Mulberry St,40.72443349387015,-73.99500657936929,374,4.0,10012
ofyC683l9tTvkXKbmOXiEw,Fresco Tortillas,3112 36th Ave,40.75618,-73.92941,56,3.0,11106
Ay38C7i2ziGjjoG9Q6Bo0A,Grand Morelos,727 Grand St,40.71188,-73.94367,220,3.5,11211
PPsevWepXv8XJjUc2QBOFQ,Don Taqueria at Ben's Deli,32 Avenue B,40.722605,-73.983294,3,5.0,10009
f0QreVur1bLIdTDRpQPlvw,Solas,232 E 9th St,40.72973,-73.988074,729,3.5,10003
JgItXSDOYJ-BkWElr2WR2w,La Kausa,7815 Bergenline Ave,40.80142,-74.00722,85,4.0,07047
X7gisdQn4BV2GGHC6icnVA,El Mexicano Gastro Cantina,1293 Main Ave,40.879231,-74.144051,269,3.0,07011
QpkKEFHK5dz8XT-osEXgJw,The Grey Dog,242 W 16th St,40.740624,-74.000648,1244,4.0,10011
srhEv1OqoK9W5JRdiMWDyw,Ayza Wine & Chocolate Bar,11 W 31st St,40.7471774721074,-73.987011312828,2083,4.0,10001
vAB2_nUm_t3YBzNCHvFLBA,Tia Rosa's Tacos Y Mas,,40.7587826670141,-73.9186923158996,2,4.5,11103
wDURpY2e7gQIaB3FgQbE9A,Las Margaritas,4517 28th Ave,40.76352470248662,-73.90895944110449,22,4.0,11103
_JJmF1gMAs1aQFbUbla_Ig,El Ranchero Mexican Restaurant,160-20 46th Ave,40.75367,-73.80602,9,5.0,11358
U59wtA8rlOXWkUYjKhDb3w,Randolph Beer,82 Prospect St,40.700536,-73.987459,146,3.5,07307
ZikqL-flwV2XYlKtL2UfmA,Rangoli Exquisite Indian Cuisine,1393 A 2nd Ave,40.7693,-73.95823,497,4.5,10021
